Type,Name,URL,CRC,Size
FILE,modified,https://raw.githubusercontent.com/open-retrogaming-archive/dat-catalog/main/root/normalized/No-Intro/modified,871943429,30
DIRECTORY,Source Code,,,
DIRECTORY,Source Code - Nintendo - Game Boy Advance,,,
FILE,Source Code - Nintendo - Game Boy Advance (20230107-011927).dat,https://raw.githubusercontent.com/open-retrogaming-archive/dat-catalog/main/root/normalized/No-Intro/Source Code/Source Code - Nintendo - Game Boy Advance/Source Code - Nintendo - Game Boy Advance (20230107-011927).dat,3002805087,2144
DIRECTORY,Source Code - Nintendo - Nintendo DS,,,
FILE,Source Code - Nintendo - Nintendo DS (20220204-041058).dat,https://raw.githubusercontent.com/open-retrogaming-archive/dat-catalog/main/root/normalized/No-Intro/Source Code/Source Code - Nintendo - Nintendo DS/Source Code - Nintendo - Nintendo DS (20220204-041058).dat,3792005689,944
DIRECTORY,Source Code - Apple - II,,,
FILE,Source Code - Apple - II (20230107-005706).dat,https://raw.githubusercontent.com/open-retrogaming-archive/dat-catalog/main/root/normalized/No-Intro/Source Code/Source Code - Apple - II/Source Code - Apple - II (20230107-005706).dat,8451763,883
DIRECTORY,Source Code - Arcade,,,
FILE,Source Code - Arcade (20230201-090434).dat,https://raw.githubusercontent.com/open-retrogaming-archive/dat-catalog/main/root/normalized/No-Intro/Source Code/Source Code - Arcade/Source Code - Arcade (20230201-090434).dat,3325097354,907
DIRECTORY,Source Code - Atari - 8-bit Family,,,
FILE,Source Code - Atari - 8-bit Family (20230107-012326).dat,https://raw.githubusercontent.com/open-retrogaming-archive/dat-catalog/main/root/normalized/No-Intro/Source Code/Source Code - Atari - 8-bit Family/Source Code - Atari - 8-bit Family (20230107-012326).dat,229923839,904
DIRECTORY,Source Code - VM Labs - NUON,,,
FILE,Source Code - VM Labs - NUON (20220609-185850).dat,https://raw.githubusercontent.com/open-retrogaming-archive/dat-catalog/main/root/normalized/No-Intro/Source Code/Source Code - VM Labs - NUON/Source Code - VM Labs - NUON (20220609-185850).dat,315951973,3042
DIRECTORY,Source Code - Nintendo - Nintendo Entertainment System,,,
FILE,Source Code - Nintendo - Nintendo Entertainment System (20230107-011201).dat,https://raw.githubusercontent.com/open-retrogaming-archive/dat-catalog/main/root/normalized/No-Intro/Source Code/Source Code - Nintendo - Nintendo Entertainment System/Source Code - Nintendo - Nintendo Entertainment System (20230107-011201).dat,1401448481,2255
DIRECTORY,Source Code - Nintendo - Nintendo GameCube,,,
FILE,Source Code - Nintendo - Nintendo GameCube (20220309-093302).dat,https://raw.githubusercontent.com/open-retrogaming-archive/dat-catalog/main/root/normalized/No-Intro/Source Code/Source Code - Nintendo - Nintendo GameCube/Source Code - Nintendo - Nintendo GameCube (20220309-093302).dat,1493276566,920
DIRECTORY,Source Code - Mobile - Palm OS,,,
FILE,Source Code - Mobile - Palm OS (20220805-104242).dat,https://raw.githubusercontent.com/open-retrogaming-archive/dat-catalog/main/root/normalized/No-Intro/Source Code/Source Code - Mobile - Palm OS/Source Code - Mobile - Palm OS (20220805-104242).dat,4025044539,13227
DIRECTORY,Source Code - Apple - IIGS,,,
FILE,Source Code - Apple - IIGS (20211204-095754).dat,https://raw.githubusercontent.com/open-retrogaming-archive/dat-catalog/main/root/normalized/No-Intro/Source Code/Source Code - Apple - IIGS/Source Code - Apple - IIGS (20211204-095754).dat,190383679,1422
DIRECTORY,Source Code - Nintendo - Nintendo - Game Boy Color,,,
FILE,Source Code - Nintendo - Nintendo - Game Boy Color (20230107-011902).dat,https://raw.githubusercontent.com/open-retrogaming-archive/dat-catalog/main/root/normalized/No-Intro/Source Code/Source Code - Nintendo - Nintendo - Game Boy Color/Source Code - Nintendo - Nintendo - Game Boy Color (20230107-011902).dat,4161701917,994
DIRECTORY,Source Code - IBM - PC and Compatibles,,,
FILE,Source Code - IBM - PC and Compatibles (20230127-094838).dat,https://raw.githubusercontent.com/open-retrogaming-archive/dat-catalog/main/root/normalized/No-Intro/Source Code/Source Code - IBM - PC and Compatibles/Source Code - IBM - PC and Compatibles (20230127-094838).dat,130971925,22440
DIRECTORY,Source Code - Atari - 2600,,,
FILE,Source Code - Atari - 2600 (20220406-030534).dat,https://raw.githubusercontent.com/open-retrogaming-archive/dat-catalog/main/root/normalized/No-Intro/Source Code/Source Code - Atari - 2600/Source Code - Atari - 2600 (20220406-030534).dat,249740898,557
DIRECTORY,Source Code - Sega - DreamCast,,,
FILE,Source Code - Sega - DreamCast (20230107-012643).dat,https://raw.githubusercontent.com/open-retrogaming-archive/dat-catalog/main/root/normalized/No-Intro/Source Code/Source Code - Sega - DreamCast/Source Code - Sega - DreamCast (20230107-012643).dat,2968163029,1146
DIRECTORY,Source Code - Various,,,
FILE,Source Code - Various (20230112-193559).dat,https://raw.githubusercontent.com/open-retrogaming-archive/dat-catalog/main/root/normalized/No-Intro/Source Code/Source Code - Various/Source Code - Various (20230112-193559).dat,4199450034,12191
DIRECTORY,Source Code - Panasonic - 3DO Interactive Multiplayer,,,
FILE,Source Code - Panasonic - 3DO Interactive Multiplayer (20230118-072841).dat,https://raw.githubusercontent.com/open-retrogaming-archive/dat-catalog/main/root/normalized/No-Intro/Source Code/Source Code - Panasonic - 3DO Interactive Multiplayer/Source Code - Panasonic - 3DO Interactive Multiplayer (20230118-072841).dat,1847157293,1274
DIRECTORY,Source Code - Nintendo - Super Nintendo Entertainment System,,,
FILE,Source Code - Nintendo - Super Nintendo Entertainment System (20230107-012046).dat,https://raw.githubusercontent.com/open-retrogaming-archive/dat-catalog/main/root/normalized/No-Intro/Source Code/Source Code - Nintendo - Super Nintendo Entertainment System/Source Code - Nintendo - Super Nintendo Entertainment System (20230107-012046).dat,36759233,1349
DIRECTORY,Non-Redump,,,
DIRECTORY,Non-Redump - Microsoft - Xbox 360,,,
FILE,Non-Redump - Microsoft - Xbox 360 (20221104-114308).dat,https://raw.githubusercontent.com/open-retrogaming-archive/dat-catalog/main/root/normalized/No-Intro/Non-Redump/Non-Redump - Microsoft - Xbox 360/Non-Redump - Microsoft - Xbox 360 (20221104-114308).dat,3086786626,715203
DIRECTORY,Non-Redump - NEC - PC Engine CD + TurboGrafx CD,,,
FILE,Non-Redump - NEC - PC Engine CD + TurboGrafx CD (20220701-135416).dat,https://raw.githubusercontent.com/open-retrogaming-archive/dat-catalog/main/root/normalized/No-Intro/Non-Redump/Non-Redump - NEC - PC Engine CD + TurboGrafx CD/Non-Redump - NEC - PC Engine CD + TurboGrafx CD (20220701-135416).dat,933796616,2233
DIRECTORY,Non-Redump - ZAPiT Games - Game Wave Family Entertainment System,,,
FILE,Non-Redump - ZAPiT Games - Game Wave Family Entertainment System (20220607-132225).dat,https://raw.githubusercontent.com/open-retrogaming-archive/dat-catalog/main/root/normalized/No-Intro/Non-Redump/Non-Redump - ZAPiT Games - Game Wave Family Entertainment System/Non-Redump - ZAPiT Games - Game Wave Family Entertainment System (20220607-132225).dat,2990028259,92594
DIRECTORY,Non-Redump - Sega - Sega Saturn,,,
FILE,Non-Redump - Sega - Sega Saturn (20221104-092247).dat,https://raw.githubusercontent.com/open-retrogaming-archive/dat-catalog/main/root/normalized/No-Intro/Non-Redump/Non-Redump - Sega - Sega Saturn/Non-Redump - Sega - Sega Saturn (20221104-092247).dat,687195339,66763
DIRECTORY,Non-Redump - Microsoft - Xbox,,,
FILE,Non-Redump - Microsoft - Xbox (20220630-093513).dat,https://raw.githubusercontent.com/open-retrogaming-archive/dat-catalog/main/root/normalized/No-Intro/Non-Redump/Non-Redump - Microsoft - Xbox/Non-Redump - Microsoft - Xbox (20220630-093513).dat,1576293493,1245
DIRECTORY,Non-Redump - Philips - CD-i,,,
FILE,Non-Redump - Philips - CD-i (20230314-230035).dat,https://raw.githubusercontent.com/open-retrogaming-archive/dat-catalog/main/root/normalized/No-Intro/Non-Redump/Non-Redump - Philips - CD-i/Non-Redump - Philips - CD-i (20230314-230035).dat,3149882031,72291
DIRECTORY,Non-Redump - Nintendo - Wii,,,
FILE,Non-Redump - Nintendo - Wii (20221127-074509).dat,https://raw.githubusercontent.com/open-retrogaming-archive/dat-catalog/main/root/normalized/No-Intro/Non-Redump/Non-Redump - Nintendo - Wii/Non-Redump - Nintendo - Wii (20221127-074509).dat,1378861357,4279
DIRECTORY,Non-Redump - BD-Video,,,
FILE,Non-Redump - BD-Video (20230314-104322).dat,https://raw.githubusercontent.com/open-retrogaming-archive/dat-catalog/main/root/normalized/No-Intro/Non-Redump/Non-Redump - BD-Video/Non-Redump - BD-Video (20230314-104322).dat,113999105,2062
DIRECTORY,Non-Redump - IBM - PC Compatible (Discs),,,
FILE,Non-Redump - IBM - PC Compatible (Discs) (20221221-055954).dat,https://raw.githubusercontent.com/open-retrogaming-archive/dat-catalog/main/root/normalized/No-Intro/Non-Redump/Non-Redump - IBM - PC Compatible (Discs)/Non-Redump - IBM - PC Compatible (Discs) (20221221-055954).dat,4046672916,208988
DIRECTORY,Non-Redump - Nintendo - Nintendo GameCube,,,
FILE,Non-Redump - Nintendo - Nintendo GameCube (20221126-080025).dat,https://raw.githubusercontent.com/open-retrogaming-archive/dat-catalog/main/root/normalized/No-Intro/Non-Redump/Non-Redump - Nintendo - Nintendo GameCube/Non-Redump - Nintendo - Nintendo GameCube (20221126-080025).dat,3573705886,9416
DIRECTORY,Non-Redump - Hasbro - iON Educational Gaming System,,,
FILE,Non-Redump - Hasbro - iON Educational Gaming System (20230320-151656).dat,https://raw.githubusercontent.com/open-retrogaming-archive/dat-catalog/main/root/normalized/No-Intro/Non-Redump/Non-Redump - Hasbro - iON Educational Gaming System/Non-Redump - Hasbro - iON Educational Gaming System (20230320-151656).dat,2360956143,3728
DIRECTORY,Non-Redump - DVD-Video,,,
FILE,Non-Redump - DVD-Video (20220706-060943).dat,https://raw.githubusercontent.com/open-retrogaming-archive/dat-catalog/main/root/normalized/No-Intro/Non-Redump/Non-Redump - DVD-Video/Non-Redump - DVD-Video (20220706-060943).dat,441282333,2265
DIRECTORY,Non-Redump - Konami - Python 2,,,
FILE,Non-Redump - Konami - Python 2 (20220802-223747).dat,https://raw.githubusercontent.com/open-retrogaming-archive/dat-catalog/main/root/normalized/No-Intro/Non-Redump/Non-Redump - Konami - Python 2/Non-Redump - Konami - Python 2 (20220802-223747).dat,3644672540,922
DIRECTORY,Non-Redump - Apple-Bandai - Pippin,,,
FILE,Non-Redump - Apple-Bandai - Pippin (20221104-101233).dat,https://raw.githubusercontent.com/open-retrogaming-archive/dat-catalog/main/root/normalized/No-Intro/Non-Redump/Non-Redump - Apple-Bandai - Pippin/Non-Redump - Apple-Bandai - Pippin (20221104-101233).dat,863822044,40563
DIRECTORY,Non-Redump - Sega - ALLS,,,
FILE,Non-Redump - Sega - ALLS (20220802-204142).dat,https://raw.githubusercontent.com/open-retrogaming-archive/dat-catalog/main/root/normalized/No-Intro/Non-Redump/Non-Redump - Sega - ALLS/Non-Redump - Sega - ALLS (20220802-204142).dat,1593772215,2157
DIRECTORY,Non-Redump - Microsoft - Pocket PC,,,
FILE,Non-Redump - Microsoft - Pocket PC (20220804-183255).dat,https://raw.githubusercontent.com/open-retrogaming-archive/dat-catalog/main/root/normalized/No-Intro/Non-Redump/Non-Redump - Microsoft - Pocket PC/Non-Redump - Microsoft - Pocket PC (20220804-183255).dat,1239031385,1091
DIRECTORY,Non-Redump - Sony - PlayStation Portable,,,
FILE,Non-Redump - Sony - PlayStation Portable (20230322-223700).dat,https://raw.githubusercontent.com/open-retrogaming-archive/dat-catalog/main/root/normalized/No-Intro/Non-Redump/Non-Redump - Sony - PlayStation Portable/Non-Redump - Sony - PlayStation Portable (20230322-223700).dat,3303492343,377338
DIRECTORY,Non-Redump - Sony Electronic Book,,,
FILE,Non-Redump - Sony Electronic Book (20220904-095458).dat,https://raw.githubusercontent.com/open-retrogaming-archive/dat-catalog/main/root/normalized/No-Intro/Non-Redump/Non-Redump - Sony Electronic Book/Non-Redump - Sony Electronic Book (20220904-095458).dat,1179668005,9106
DIRECTORY,Non-Redump - Sony - PlayStation,,,
FILE,Non-Redump - Sony - PlayStation (20221203-121618).dat,https://raw.githubusercontent.com/open-retrogaming-archive/dat-catalog/main/root/normalized/No-Intro/Non-Redump/Non-Redump - Sony - PlayStation/Non-Redump - Sony - PlayStation (20221203-121618).dat,711155649,211648
DIRECTORY,Non-Redump - Sony - PlayStation 2,,,
FILE,Non-Redump - Sony - PlayStation 2 (20221104-093717).dat,https://raw.githubusercontent.com/open-retrogaming-archive/dat-catalog/main/root/normalized/No-Intro/Non-Redump/Non-Redump - Sony - PlayStation 2/Non-Redump - Sony - PlayStation 2 (20221104-093717).dat,1158277859,109150
DIRECTORY,Non-Redump - Sega - Dreamcast,,,
FILE,Non-Redump - Sega - Dreamcast (20230104-054006).dat,https://raw.githubusercontent.com/open-retrogaming-archive/dat-catalog/main/root/normalized/No-Intro/Non-Redump/Non-Redump - Sega - Dreamcast/Non-Redump - Sega - Dreamcast (20230104-054006).dat,342630367,167233
DIRECTORY,Non-Redump - IBM - PC Compatible (Discs) (Hentai),,,
FILE,Non-Redump - IBM - PC Compatible (Discs) (Hentai) (20220716-083906).dat,https://raw.githubusercontent.com/open-retrogaming-archive/dat-catalog/main/root/normalized/No-Intro/Non-Redump/Non-Redump - IBM - PC Compatible (Discs) (Hentai)/Non-Redump - IBM - PC Compatible (Discs) (Hentai) (20220716-083906).dat,1419765654,49241
DIRECTORY,Non-Redump - Audio CD (Deprecated),,,
FILE,Non-Redump - Audio CD (Deprecated) (20220829-160253).dat,https://raw.githubusercontent.com/open-retrogaming-archive/dat-catalog/main/root/normalized/No-Intro/Non-Redump/Non-Redump - Audio CD (Deprecated)/Non-Redump - Audio CD (Deprecated) (20220829-160253).dat,8175893,2695
DIRECTORY,Non-Redump - Sega - Sega Mega CD + Sega CD,,,
FILE,Non-Redump - Sega - Sega Mega CD + Sega CD (20220707-224859).dat,https://raw.githubusercontent.com/open-retrogaming-archive/dat-catalog/main/root/normalized/No-Intro/Non-Redump/Non-Redump - Sega - Sega Mega CD + Sega CD/Non-Redump - Sega - Sega Mega CD + Sega CD (20220707-224859).dat,748983250,20306
DIRECTORY,Non-Redump - Atari - Atari Jaguar CD,,,
FILE,Non-Redump - Atari - Atari Jaguar CD (20221104-083106).dat,https://raw.githubusercontent.com/open-retrogaming-archive/dat-catalog/main/root/normalized/No-Intro/Non-Redump/Non-Redump - Atari - Atari Jaguar CD/Non-Redump - Atari - Atari Jaguar CD (20221104-083106).dat,1963762128,10298
DIRECTORY,Non-Redump - Audio CD,,,
FILE,Non-Redump - Audio CD (20220829-160253).dat,https://raw.githubusercontent.com/open-retrogaming-archive/dat-catalog/main/root/normalized/No-Intro/Non-Redump/Non-Redump - Audio CD/Non-Redump - Audio CD (20220829-160253).dat,975188920,56504
DIRECTORY,Non-Redump - Panasonic - 3DO Interactive Multiplayer,,,
FILE,Non-Redump - Panasonic - 3DO Interactive Multiplayer (20220701-135237).dat,https://raw.githubusercontent.com/open-retrogaming-archive/dat-catalog/main/root/normalized/No-Intro/Non-Redump/Non-Redump - Panasonic - 3DO Interactive Multiplayer/Non-Redump - Panasonic - 3DO Interactive Multiplayer (20220701-135237).dat,3689460960,6584
DIRECTORY,No-Intro,,,
DIRECTORY,Nintendo - Nintendo DS (Decrypted),,,
FILE,Nintendo - Nintendo DS (Decrypted) (20230322-133104).dat,https://raw.githubusercontent.com/open-retrogaming-archive/dat-catalog/main/root/normalized/No-Intro/No-Intro/Nintendo - Nintendo DS (Decrypted)/Nintendo - Nintendo DS (Decrypted) (20230322-133104).dat,3206620611,2793410
DIRECTORY,Nintendo - Nintendo 3DS (Decrypted),,,
FILE,Nintendo - Nintendo 3DS (Decrypted) (20230320-141817).dat,https://raw.githubusercontent.com/open-retrogaming-archive/dat-catalog/main/root/normalized/No-Intro/No-Intro/Nintendo - Nintendo 3DS (Decrypted)/Nintendo - Nintendo 3DS (Decrypted) (20230320-141817).dat,3897345189,865022
DIRECTORY,Watara - Supervision,,,
FILE,Watara - Supervision (20230225-023521).dat,https://raw.githubusercontent.com/open-retrogaming-archive/dat-catalog/main/root/normalized/No-Intro/No-Intro/Watara - Supervision/Watara - Supervision (20230225-023521).dat,1777261901,21964
DIRECTORY,Mobile - J2ME,,,
FILE,Mobile - J2ME (20230202-085036).dat,https://raw.githubusercontent.com/open-retrogaming-archive/dat-catalog/main/root/normalized/No-Intro/No-Intro/Mobile - J2ME/Mobile - J2ME (20230202-085036).dat,2426437531,36207
DIRECTORY,Fujitsu - FM-7 (Flux),,,
FILE,Fujitsu - FM-7 (Flux) (20220726-081506).dat,https://raw.githubusercontent.com/open-retrogaming-archive/dat-catalog/main/root/normalized/No-Intro/No-Intro/Fujitsu - FM-7 (Flux)/Fujitsu - FM-7 (Flux) (20220726-081506).dat,1382272708,187312
DIRECTORY,Nintendo - Nintendo 3DS (Digital) (Pre-Install),,,
FILE,Nintendo - Nintendo 3DS (Digital) (Pre-Install) (20220704-084112).dat,https://raw.githubusercontent.com/open-retrogaming-archive/dat-catalog/main/root/normalized/No-Intro/No-Intro/Nintendo - Nintendo 3DS (Digital) (Pre-Install)/Nintendo - Nintendo 3DS (Digital) (Pre-Install) (20220704-084112).dat,2714268372,3000
DIRECTORY,GamePark - GP2X,,,
FILE,GamePark - GP2X (20220107-115126).dat,https://raw.githubusercontent.com/open-retrogaming-archive/dat-catalog/main/root/normalized/No-Intro/No-Intro/GamePark - GP2X/GamePark - GP2X (20220107-115126).dat,3199589552,855
DIRECTORY,Fujitsu - FM Towns (KryoFlux),,,
FILE,Fujitsu - FM Towns (KryoFlux) (20220726-033401).dat,https://raw.githubusercontent.com/open-retrogaming-archive/dat-catalog/main/root/normalized/No-Intro/No-Intro/Fujitsu - FM Towns (KryoFlux)/Fujitsu - FM Towns (KryoFlux) (20220726-033401).dat,34011841,1942922
DIRECTORY,Funtech - Super Acan,,,
FILE,Funtech - Super Acan (20200111-044109).dat,https://raw.githubusercontent.com/open-retrogaming-archive/dat-catalog/main/root/normalized/No-Intro/No-Intro/Funtech - Super Acan/Funtech - Super Acan (20200111-044109).dat,3048972443,4144
DIRECTORY,IBM - PC and Compatibles (Digital) (Unknown),,,
FILE,IBM - PC and Compatibles (Digital) (Unknown) (20220709-010657).dat,https://raw.githubusercontent.com/open-retrogaming-archive/dat-catalog/main/root/normalized/No-Intro/No-Intro/IBM - PC and Compatibles (Digital) (Unknown)/IBM - PC and Compatibles (Digital) (Unknown) (20220709-010657).dat,1339383989,211653
DIRECTORY,Microsoft - MSX2,,,
FILE,Microsoft - MSX2 (20230312-212825).dat,https://raw.githubusercontent.com/open-retrogaming-archive/dat-catalog/main/root/normalized/No-Intro/No-Intro/Microsoft - MSX2/Microsoft - MSX2 (20230312-212825).dat,1493459621,60762
DIRECTORY,Microsoft - Xbox 360 (Development Kit Hard Drives),,,
FILE,Microsoft - Xbox 360 (Development Kit Hard Drives) (20230222-003036).dat,https://raw.githubusercontent.com/open-retrogaming-archive/dat-catalog/main/root/normalized/No-Intro/No-Intro/Microsoft - Xbox 360 (Development Kit Hard Drives)/Microsoft - Xbox 360 (Development Kit Hard Drives) (20230222-003036).dat,3132212606,39626
DIRECTORY,Benesse - Pocket Challenge V2,,,
FILE,Benesse - Pocket Challenge V2 (20230218-034643).dat,https://raw.githubusercontent.com/open-retrogaming-archive/dat-catalog/main/root/normalized/No-Intro/No-Intro/Benesse - Pocket Challenge V2/Benesse - Pocket Challenge V2 (20230218-034643).dat,1440427247,27995
DIRECTORY,Mobile - Pocket PC (Digital),,,
FILE,Mobile - Pocket PC (Digital) (20221220-122641).dat,https://raw.githubusercontent.com/open-retrogaming-archive/dat-catalog/main/root/normalized/No-Intro/No-Intro/Mobile - Pocket PC (Digital)/Mobile - Pocket PC (Digital) (20221220-122641).dat,189343316,142986
DIRECTORY,iQue - iQue (CDN),,,
FILE,iQue - iQue (CDN) (20220521-055741).dat,https://raw.githubusercontent.com/open-retrogaming-archive/dat-catalog/main/root/normalized/No-Intro/No-Intro/iQue - iQue (CDN)/iQue - iQue (CDN) (20220521-055741).dat,3922197655,22410
DIRECTORY,Apple - Macintosh (A2R),,,
FILE,Apple - Macintosh (A2R) (20220727-190526).dat,https://raw.githubusercontent.com/open-retrogaming-archive/dat-catalog/main/root/normalized/No-Intro/No-Intro/Apple - Macintosh (A2R)/Apple - Macintosh (A2R) (20220727-190526).dat,413445369,156674
DIRECTORY,Hartung - Game Master,,,
FILE,Hartung - Game Master (20211012-064712).dat,https://raw.githubusercontent.com/open-retrogaming-archive/dat-catalog/main/root/normalized/No-Intro/No-Intro/Hartung - Game Master/Hartung - Game Master (20211012-064712).dat,2765429728,7134
DIRECTORY,Nintendo - New Nintendo 3DS (Decrypted),,,
FILE,Nintendo - New Nintendo 3DS (Decrypted) (20220803-160257).dat,https://raw.githubusercontent.com/open-retrogaming-archive/dat-catalog/main/root/normalized/No-Intro/No-Intro/Nintendo - New Nintendo 3DS (Decrypted)/Nintendo - New Nintendo 3DS (Decrypted) (20220803-160257).dat,1056253991,5474
DIRECTORY,Toshiba - Pasopia (WAV),,,
FILE,Toshiba - Pasopia (WAV) (20220726-115432).dat,https://raw.githubusercontent.com/open-retrogaming-archive/dat-catalog/main/root/normalized/No-Intro/No-Intro/Toshiba - Pasopia (WAV)/Toshiba - Pasopia (WAV) (20220726-115432).dat,1824351810,2596
DIRECTORY,Nintendo - Nintendo DS (DSvision SD cards),,,
FILE,Nintendo - Nintendo DS (DSvision SD cards) (20221023-022924).dat,https://raw.githubusercontent.com/open-retrogaming-archive/dat-catalog/main/root/normalized/No-Intro/No-Intro/Nintendo - Nintendo DS (DSvision SD cards)/Nintendo - Nintendo DS (DSvision SD cards) (20221023-022924).dat,3545137717,3120
DIRECTORY,Nintendo - Pokemon Mini,,,
FILE,Nintendo - Pokemon Mini (20220215-223058).dat,https://raw.githubusercontent.com/open-retrogaming-archive/dat-catalog/main/root/normalized/No-Intro/No-Intro/Nintendo - Pokemon Mini/Nintendo - Pokemon Mini (20220215-223058).dat,2973812599,15407
DIRECTORY,Nintendo - Nintendo 64DD,,,
FILE,Nintendo - Nintendo 64DD (20230131-042611).dat,https://raw.githubusercontent.com/open-retrogaming-archive/dat-catalog/main/root/normalized/No-Intro/No-Intro/Nintendo - Nintendo 64DD/Nintendo - Nintendo 64DD (20230131-042611).dat,2729945666,8510
DIRECTORY,Luxor - ABC 800 (Flux),,,
FILE,Luxor - ABC 800 (Flux) (20220712-142738).dat,https://raw.githubusercontent.com/open-retrogaming-archive/dat-catalog/main/root/normalized/No-Intro/No-Intro/Luxor - ABC 800 (Flux)/Luxor - ABC 800 (Flux) (20220712-142738).dat,1516757643,78690
DIRECTORY,Bit Corporation - Gamate,,,
FILE,Bit Corporation - Gamate (20220320-145154).dat,https://raw.githubusercontent.com/open-retrogaming-archive/dat-catalog/main/root/normalized/No-Intro/No-Intro/Bit Corporation - Gamate/Bit Corporation - Gamate (20220320-145154).dat,974533172,24063
DIRECTORY,Toshiba - Visicom,,,
FILE,Toshiba - Visicom (20200202-120958).dat,https://raw.githubusercontent.com/open-retrogaming-archive/dat-catalog/main/root/normalized/No-Intro/No-Intro/Toshiba - Visicom/Toshiba - Visicom (20200202-120958).dat,216023124,2744
DIRECTORY,Nintendo - Family Computer Network System,,,
FILE,Nintendo - Family Computer Network System (20220516-232939).dat,https://raw.githubusercontent.com/open-retrogaming-archive/dat-catalog/main/root/normalized/No-Intro/No-Intro/Nintendo - Family Computer Network System/Nintendo - Family Computer Network System (20220516-232939).dat,3162103045,9408
DIRECTORY,Seta - Aleck64 (ByteSwapped),,,
FILE,Seta - Aleck64 (ByteSwapped) (20220513-040448).dat,https://raw.githubusercontent.com/open-retrogaming-archive/dat-catalog/main/root/normalized/No-Intro/No-Intro/Seta - Aleck64 (ByteSwapped)/Seta - Aleck64 (ByteSwapped) (20220513-040448).dat,640118890,5741
DIRECTORY,IBM - PC and Compatibles (Digital) (Misc),,,
FILE,IBM - PC and Compatibles (Digital) (Misc) (20230320-132952).dat,https://raw.githubusercontent.com/open-retrogaming-archive/dat-catalog/main/root/normalized/No-Intro/No-Intro/IBM - PC and Compatibles (Digital) (Misc)/IBM - PC and Compatibles (Digital) (Misc) (20230320-132952).dat,2662556587,540169
DIRECTORY,VTech - CreatiVision,,,
FILE,VTech - CreatiVision (20120223-000000).dat,https://raw.githubusercontent.com/open-retrogaming-archive/dat-catalog/main/root/normalized/No-Intro/No-Intro/VTech - CreatiVision/VTech - CreatiVision (20120223-000000).dat,3072331357,6662
DIRECTORY,Welback - Mega Duck,,,
FILE,Welback - Mega Duck (20220531-111927).dat,https://raw.githubusercontent.com/open-retrogaming-archive/dat-catalog/main/root/normalized/No-Intro/No-Intro/Welback - Mega Duck/Welback - Mega Duck (20220531-111927).dat,2413187914,7178
DIRECTORY,ACT - Apricot PC Xi,,,
FILE,ACT - Apricot PC Xi (20211125-165629).dat,https://raw.githubusercontent.com/open-retrogaming-archive/dat-catalog/main/root/normalized/No-Intro/No-Intro/ACT - Apricot PC Xi/ACT - Apricot PC Xi (20211125-165629).dat,2190927355,5112
DIRECTORY,NEC - PC-98 (HardDisk),,,
FILE,NEC - PC-98 (HardDisk) (20221116-190533).dat,https://raw.githubusercontent.com/open-retrogaming-archive/dat-catalog/main/root/normalized/No-Intro/No-Intro/NEC - PC-98 (HardDisk)/NEC - PC-98 (HardDisk) (20221116-190533).dat,1533050186,4715
DIRECTORY,Amstrad - CPC (FluxDumps),,,
FILE,Amstrad - CPC (FluxDumps) (20221006-003253).dat,https://raw.githubusercontent.com/open-retrogaming-archive/dat-catalog/main/root/normalized/No-Intro/No-Intro/Amstrad - CPC (FluxDumps)/Amstrad - CPC (FluxDumps) (20221006-003253).dat,3937176536,121270
DIRECTORY,Fujitsu - FM-7 (Waveform),,,
FILE,Fujitsu - FM-7 (Waveform) (20220726-081506).dat,https://raw.githubusercontent.com/open-retrogaming-archive/dat-catalog/main/root/normalized/No-Intro/No-Intro/Fujitsu - FM-7 (Waveform)/Fujitsu - FM-7 (Waveform) (20220726-081506).dat,637910152,5281
DIRECTORY,NEC - PC-88 (KryoFlux),,,
FILE,NEC - PC-88 (KryoFlux) (20220725-151518).dat,https://raw.githubusercontent.com/open-retrogaming-archive/dat-catalog/main/root/normalized/No-Intro/No-Intro/NEC - PC-88 (KryoFlux)/NEC - PC-88 (KryoFlux) (20220725-151518).dat,1011308015,38052
DIRECTORY,Nintendo - Misc,,,
FILE,Nintendo - Misc (20230201-173817).dat,https://raw.githubusercontent.com/open-retrogaming-archive/dat-catalog/main/root/normalized/No-Intro/No-Intro/Nintendo - Misc/Nintendo - Misc (20230201-173817).dat,341560680,136706
DIRECTORY,Nintendo - Game Boy Advance (e-Reader),,,
FILE,Nintendo - Game Boy Advance (e-Reader) (20220919-112817).dat,https://raw.githubusercontent.com/open-retrogaming-archive/dat-catalog/main/root/normalized/No-Intro/No-Intro/Nintendo - Game Boy Advance (e-Reader)/Nintendo - Game Boy Advance (e-Reader) (20220919-112817).dat,3333332691,1469136
DIRECTORY,IBM - PC and Compatibles (Digital) (Updates and DLC),,,
FILE,IBM - PC and Compatibles (Digital) (Updates and DLC) (20221207-104837).dat,https://raw.githubusercontent.com/open-retrogaming-archive/dat-catalog/main/root/normalized/No-Intro/No-Intro/IBM - PC and Compatibles (Digital) (Updates and DLC)/IBM - PC and Compatibles (Digital) (Updates and DLC) (20221207-104837).dat,2330575269,47892
DIRECTORY,Apple-Bandai - Pippin (Floppies),,,
FILE,Apple-Bandai - Pippin (Floppies) (20220623-041333).dat,https://raw.githubusercontent.com/open-retrogaming-archive/dat-catalog/main/root/normalized/No-Intro/No-Intro/Apple-Bandai - Pippin (Floppies)/Apple-Bandai - Pippin (Floppies) (20220623-041333).dat,1291204739,1365
DIRECTORY,Bally - Astrocade,,,
FILE,Bally - Astrocade (20220411-220423).dat,https://raw.githubusercontent.com/open-retrogaming-archive/dat-catalog/main/root/normalized/No-Intro/No-Intro/Bally - Astrocade/Bally - Astrocade (20220411-220423).dat,1022682561,22480
DIRECTORY,Microsoft - Xbox (Development Kit Hard Drives),,,
FILE,Microsoft - Xbox (Development Kit Hard Drives) (20220907-035800).dat,https://raw.githubusercontent.com/open-retrogaming-archive/dat-catalog/main/root/normalized/No-Intro/No-Intro/Microsoft - Xbox (Development Kit Hard Drives)/Microsoft - Xbox (Development Kit Hard Drives) (20220907-035800).dat,1042216604,1217
DIRECTORY,Commodore - VIC-20,,,
FILE,Commodore - VIC-20 (20170315-223700).dat,https://raw.githubusercontent.com/open-retrogaming-archive/dat-catalog/main/root/normalized/No-Intro/No-Intro/Commodore - VIC-20/Commodore - VIC-20 (20170315-223700).dat,1125593442,86375
DIRECTORY,GCE - Vectrex,,,
FILE,GCE - Vectrex (20170908-211236).dat,https://raw.githubusercontent.com/open-retrogaming-archive/dat-catalog/main/root/normalized/No-Intro/No-Intro/GCE - Vectrex/GCE - Vectrex (20170908-211236).dat,3259571700,13363
DIRECTORY,Milton-Bradley - Omni (Waveform),,,
FILE,Milton-Bradley - Omni (Waveform) (20220725-135133).dat,https://raw.githubusercontent.com/open-retrogaming-archive/dat-catalog/main/root/normalized/No-Intro/No-Intro/Milton-Bradley - Omni (Waveform)/Milton-Bradley - Omni (Waveform) (20220725-135133).dat,3809697180,4444
DIRECTORY,IBM - PC and Compatibles (SCP),,,
FILE,IBM - PC and Compatibles (SCP) (20220729-101656).dat,https://raw.githubusercontent.com/open-retrogaming-archive/dat-catalog/main/root/normalized/No-Intro/No-Intro/IBM - PC and Compatibles (SCP)/IBM - PC and Compatibles (SCP) (20220729-101656).dat,3837640224,66737
DIRECTORY,Nintendo - Nintendo GameCube (NPDP Carts),,,
FILE,Nintendo - Nintendo GameCube (NPDP Carts) (20220702-071051).dat,https://raw.githubusercontent.com/open-retrogaming-archive/dat-catalog/main/root/normalized/No-Intro/No-Intro/Nintendo - Nintendo GameCube (NPDP Carts)/Nintendo - Nintendo GameCube (NPDP Carts) (20220702-071051).dat,1814790129,4988
DIRECTORY,IBM - PC and Compatibles (Digital) (Groupees),,,
FILE,IBM - PC and Compatibles (Digital) (Groupees) (20220803-071205).dat,https://raw.githubusercontent.com/open-retrogaming-archive/dat-catalog/main/root/normalized/No-Intro/No-Intro/IBM - PC and Compatibles (Digital) (Groupees)/IBM - PC and Compatibles (Digital) (Groupees) (20220803-071205).dat,2725283033,521912
DIRECTORY,NEC - PC-98,,,
FILE,NEC - PC-98 (20221116-190533).dat,https://raw.githubusercontent.com/open-retrogaming-archive/dat-catalog/main/root/normalized/No-Intro/No-Intro/NEC - PC-98/NEC - PC-98 (20221116-190533).dat,292195296,8165
DIRECTORY,Sony - PlayStation Vita (PSN) (Updates),,,
FILE,Sony - PlayStation Vita (PSN) (Updates) (20230304-150140).dat,https://raw.githubusercontent.com/open-retrogaming-archive/dat-catalog/main/root/normalized/No-Intro/No-Intro/Sony - PlayStation Vita (PSN) (Updates)/Sony - PlayStation Vita (PSN) (Updates) (20230304-150140).dat,3043330922,1623222
DIRECTORY,Commodore - Commodore 64 (Tapes),,,
FILE,Commodore - Commodore 64 (Tapes) (20210216-231940).dat,https://raw.githubusercontent.com/open-retrogaming-archive/dat-catalog/main/root/normalized/No-Intro/No-Intro/Commodore - Commodore 64 (Tapes)/Commodore - Commodore 64 (Tapes) (20210216-231940).dat,4088166308,510437
DIRECTORY,IBM - PC and Compatibles (Digital) (Desura),,,
FILE,IBM - PC and Compatibles (Digital) (Desura) (20221021-053646).dat,https://raw.githubusercontent.com/open-retrogaming-archive/dat-catalog/main/root/normalized/No-Intro/No-Intro/IBM - PC and Compatibles (Digital) (Desura)/IBM - PC and Compatibles (Digital) (Desura) (20221021-053646).dat,3416085083,1157874
DIRECTORY,Atari - Jaguar (J64),,,
FILE,Atari - Jaguar (J64) (20230312-215215).dat,https://raw.githubusercontent.com/open-retrogaming-archive/dat-catalog/main/root/normalized/No-Intro/No-Intro/Atari - Jaguar (J64)/Atari - Jaguar (J64) (20230312-215215).dat,3527853314,33674
DIRECTORY,Nintendo - Nintendo DS (Encrypted),,,
FILE,Nintendo - Nintendo DS (Encrypted) (20230322-133104).dat,https://raw.githubusercontent.com/open-retrogaming-archive/dat-catalog/main/root/normalized/No-Intro/No-Intro/Nintendo - Nintendo DS (Encrypted)/Nintendo - Nintendo DS (Encrypted) (20230322-133104).dat,1251882109,2776554
DIRECTORY,Nintendo - Game Boy Color,,,
FILE,Nintendo - Game Boy Color (20230321-125121).dat,https://raw.githubusercontent.com/open-retrogaming-archive/dat-catalog/main/root/normalized/No-Intro/No-Intro/Nintendo - Game Boy Color/Nintendo - Game Boy Color (20230321-125121).dat,1775820674,712851
DIRECTORY,Casio - PV-1000,,,
FILE,Casio - PV-1000 (20200109-103603).dat,https://raw.githubusercontent.com/open-retrogaming-archive/dat-catalog/main/root/normalized/No-Intro/No-Intro/Casio - PV-1000/Casio - PV-1000 (20200109-103603).dat,3873861299,4281
DIRECTORY,LeapFrog - Leapster Learning Game System,,,
FILE,LeapFrog - Leapster Learning Game System (20190311-121012).dat,https://raw.githubusercontent.com/open-retrogaming-archive/dat-catalog/main/root/normalized/No-Intro/No-Intro/LeapFrog - Leapster Learning Game System/LeapFrog - Leapster Learning Game System (20190311-121012).dat,692347306,29795
DIRECTORY,Apple - II Plus (Flux),,,
FILE,Apple - II Plus (Flux) (20211227-061630).dat,https://raw.githubusercontent.com/open-retrogaming-archive/dat-catalog/main/root/normalized/No-Intro/No-Intro/Apple - II Plus (Flux)/Apple - II Plus (Flux) (20211227-061630).dat,552294184,2476
DIRECTORY,SNK - NeoGeo Pocket,,,
FILE,SNK - NeoGeo Pocket (20230307-173713).dat,https://raw.githubusercontent.com/open-retrogaming-archive/dat-catalog/main/root/normalized/No-Intro/No-Intro/SNK - NeoGeo Pocket/SNK - NeoGeo Pocket (20230307-173713).dat,538885837,5971
DIRECTORY,Nintendo - Nintendo 64 (Mario no Photopi SmartMedia),,,
FILE,Nintendo - Nintendo 64 (Mario no Photopi SmartMedia) (20210514-090046).dat,https://raw.githubusercontent.com/open-retrogaming-archive/dat-catalog/main/root/normalized/No-Intro/No-Intro/Nintendo - Nintendo 64 (Mario no Photopi SmartMedia)/Nintendo - Nintendo 64 (Mario no Photopi SmartMedia) (20210514-090046).dat,2153715526,2849
DIRECTORY,Yamaha - Copera,,,
FILE,Yamaha - Copera (20211125-171549).dat,https://raw.githubusercontent.com/open-retrogaming-archive/dat-catalog/main/root/normalized/No-Intro/No-Intro/Yamaha - Copera/Yamaha - Copera (20211125-171549).dat,3895593898,2947
DIRECTORY,APF - MP-1000,,,
FILE,APF - MP-1000 (20211213-125803).dat,https://raw.githubusercontent.com/open-retrogaming-archive/dat-catalog/main/root/normalized/No-Intro/No-Intro/APF - MP-1000/APF - MP-1000 (20211213-125803).dat,2918512672,6899
DIRECTORY,IBM - PC and Compatibles (Flash Media),,,
FILE,IBM - PC and Compatibles (Flash Media) (20230315-060715).dat,https://raw.githubusercontent.com/open-retrogaming-archive/dat-catalog/main/root/normalized/No-Intro/No-Intro/IBM - PC and Compatibles (Flash Media)/IBM - PC and Compatibles (Flash Media) (20230315-060715).dat,2355549770,10420
DIRECTORY,Magnavox - Odyssey 2,,,
FILE,Magnavox - Odyssey 2 (20200720-221603).dat,https://raw.githubusercontent.com/open-retrogaming-archive/dat-catalog/main/root/normalized/No-Intro/No-Intro/Magnavox - Odyssey 2/Magnavox - Odyssey 2 (20200720-221603).dat,2663191030,38981
DIRECTORY,Nintendo - Nintendo 3DS (Encrypted),,,
FILE,Nintendo - Nintendo 3DS (Encrypted) (20230320-141817).dat,https://raw.githubusercontent.com/open-retrogaming-archive/dat-catalog/main/root/normalized/No-Intro/No-Intro/Nintendo - Nintendo 3DS (Encrypted)/Nintendo - Nintendo 3DS (Encrypted) (20230320-141817).dat,1854034123,873655
DIRECTORY,Nintendo - Family BASIC (Tapes),,,
FILE,Nintendo - Family BASIC (Tapes) (20220915-150147).dat,https://raw.githubusercontent.com/open-retrogaming-archive/dat-catalog/main/root/normalized/No-Intro/No-Intro/Nintendo - Family BASIC (Tapes)/Nintendo - Family BASIC (Tapes) (20220915-150147).dat,3544127086,7552
DIRECTORY,Epoch - Super Cassette Vision,,,
FILE,Epoch - Super Cassette Vision (20201123-013546).dat,https://raw.githubusercontent.com/open-retrogaming-archive/dat-catalog/main/root/normalized/No-Intro/No-Intro/Epoch - Super Cassette Vision/Epoch - Super Cassette Vision (20201123-013546).dat,4192236566,11545
DIRECTORY,Nintendo - Nintendo DSi (Decrypted),,,
FILE,Nintendo - Nintendo DSi (Decrypted) (20221120-044114).dat,https://raw.githubusercontent.com/open-retrogaming-archive/dat-catalog/main/root/normalized/No-Intro/No-Intro/Nintendo - Nintendo DSi (Decrypted)/Nintendo - Nintendo DSi (Decrypted) (20221120-044114).dat,165260999,12000
DIRECTORY,Nintendo - Nintendo 3DS (Digital) (CDN),,,
FILE,Nintendo - Nintendo 3DS (Digital) (CDN) (20230320-140013).dat,https://raw.githubusercontent.com/open-retrogaming-archive/dat-catalog/main/root/normalized/No-Intro/No-Intro/Nintendo - Nintendo 3DS (Digital) (CDN)/Nintendo - Nintendo 3DS (Digital) (CDN) (20230320-140013).dat,787472896,13564195
DIRECTORY,Ouya - Ouya,,,
FILE,Ouya - Ouya (20200720-221834).dat,https://raw.githubusercontent.com/open-retrogaming-archive/dat-catalog/main/root/normalized/No-Intro/No-Intro/Ouya - Ouya/Ouya - Ouya (20200720-221834).dat,1163603513,518542
DIRECTORY,Sega - Game Gear,,,
FILE,Sega - Game Gear (20230313-132425).dat,https://raw.githubusercontent.com/open-retrogaming-archive/dat-catalog/main/root/normalized/No-Intro/No-Intro/Sega - Game Gear/Sega - Game Gear (20230313-132425).dat,4063833281,283815
DIRECTORY,Fairchild - Channel F,,,
FILE,Fairchild - Channel F (20120223-000000).dat,https://raw.githubusercontent.com/open-retrogaming-archive/dat-catalog/main/root/normalized/No-Intro/No-Intro/Fairchild - Channel F/Fairchild - Channel F (20120223-000000).dat,1623311461,11381
DIRECTORY,Entex - Adventure Vision,,,
FILE,Entex - Adventure Vision (20081125-031450).dat,https://raw.githubusercontent.com/open-retrogaming-archive/dat-catalog/main/root/normalized/No-Intro/No-Intro/Entex - Adventure Vision/Entex - Adventure Vision (20081125-031450).dat,285097519,1959
DIRECTORY,NEC - PC-98 (Flux),,,
FILE,NEC - PC-98 (Flux) (20221116-190533).dat,https://raw.githubusercontent.com/open-retrogaming-archive/dat-catalog/main/root/normalized/No-Intro/No-Intro/NEC - PC-98 (Flux)/NEC - PC-98 (Flux) (20221116-190533).dat,2654648663,739454
DIRECTORY,Nintendo - Nintendo Entertainment System (Headered),,,
FILE,Nintendo - Nintendo Entertainment System (Headered) (20230323-220138).dat,https://raw.githubusercontent.com/open-retrogaming-archive/dat-catalog/main/root/normalized/No-Intro/No-Intro/Nintendo - Nintendo Entertainment System (Headered)/Nintendo - Nintendo Entertainment System (Headered) (20230323-220138).dat,4258882565,1292529
DIRECTORY,Commodore - Plus-4,,,
FILE,Commodore - Plus-4 (20090105-000000).dat,https://raw.githubusercontent.com/open-retrogaming-archive/dat-catalog/main/root/normalized/No-Intro/No-Intro/Commodore - Plus-4/Commodore - Plus-4 (20090105-000000).dat,2959306139,9599
DIRECTORY,Atari - 8-bit Family,,,
FILE,Atari - 8-bit Family (20230312-212517).dat,https://raw.githubusercontent.com/open-retrogaming-archive/dat-catalog/main/root/normalized/No-Intro/No-Intro/Atari - 8-bit Family/Atari - 8-bit Family (20230312-212517).dat,2983643319,1920
DIRECTORY,Tiger - Gizmondo,,,
FILE,Tiger - Gizmondo (20070531-125518).dat,https://raw.githubusercontent.com/open-retrogaming-archive/dat-catalog/main/root/normalized/No-Intro/No-Intro/Tiger - Gizmondo/Tiger - Gizmondo (20070531-125518).dat,903278370,1961792
DIRECTORY,Sharp - X1 (Waveform),,,
FILE,Sharp - X1 (Waveform) (20220720-115216).dat,https://raw.githubusercontent.com/open-retrogaming-archive/dat-catalog/main/root/normalized/No-Intro/No-Intro/Sharp - X1 (Waveform)/Sharp - X1 (Waveform) (20220720-115216).dat,4192682884,2853
DIRECTORY,Atari - 8-bit Family (Kryoflux),,,
FILE,Atari - 8-bit Family (Kryoflux) (20230312-212517).dat,https://raw.githubusercontent.com/open-retrogaming-archive/dat-catalog/main/root/normalized/No-Intro/No-Intro/Atari - 8-bit Family (Kryoflux)/Atari - 8-bit Family (Kryoflux) (20230312-212517).dat,2026801329,72676
DIRECTORY,Apple - IIGS (A2R),,,
FILE,Apple - IIGS (A2R) (20220727-120719).dat,https://raw.githubusercontent.com/open-retrogaming-archive/dat-catalog/main/root/normalized/No-Intro/No-Intro/Apple - IIGS (A2R)/Apple - IIGS (A2R) (20220727-120719).dat,3534638207,91647
DIRECTORY,Commodore - Amiga (Flux),,,
FILE,Commodore - Amiga (Flux) (20220712-143036).dat,https://raw.githubusercontent.com/open-retrogaming-archive/dat-catalog/main/root/normalized/No-Intro/No-Intro/Commodore - Amiga (Flux)/Commodore - Amiga (Flux) (20220712-143036).dat,3775149793,2243320
DIRECTORY,Microsoft - MSX,,,
FILE,Microsoft - MSX (20230312-212722).dat,https://raw.githubusercontent.com/open-retrogaming-archive/dat-catalog/main/root/normalized/No-Intro/No-Intro/Microsoft - MSX/Microsoft - MSX (20230312-212722).dat,631110904,270473
DIRECTORY,LeapFrog - LeapPad,,,
FILE,LeapFrog - LeapPad (20190401-035314).dat,https://raw.githubusercontent.com/open-retrogaming-archive/dat-catalog/main/root/normalized/No-Intro/No-Intro/LeapFrog - LeapPad/LeapFrog - LeapPad (20190401-035314).dat,2965676480,857
DIRECTORY,Apple - II (Waveform),,,
FILE,Apple - II (Waveform) (20220728-095306).dat,https://raw.githubusercontent.com/open-retrogaming-archive/dat-catalog/main/root/normalized/No-Intro/No-Intro/Apple - II (Waveform)/Apple - II (Waveform) (20220728-095306).dat,4123146928,1072
DIRECTORY,Sega - SG-1000,,,
FILE,Sega - SG-1000 (20230312-221120).dat,https://raw.githubusercontent.com/open-retrogaming-archive/dat-catalog/main/root/normalized/No-Intro/No-Intro/Sega - SG-1000/Sega - SG-1000 (20230312-221120).dat,1837176889,81764
DIRECTORY,Nintendo - Nintendo 3DS (Digital) (Dev ROMs),,,
FILE,Nintendo - Nintendo 3DS (Digital) (Dev ROMs) (20220409-104434).dat,https://raw.githubusercontent.com/open-retrogaming-archive/dat-catalog/main/root/normalized/No-Intro/No-Intro/Nintendo - Nintendo 3DS (Digital) (Dev ROMs)/Nintendo - Nintendo 3DS (Digital) (Dev ROMs) (20220409-104434).dat,80094252,958
DIRECTORY,IBM - PC and Compatibles (Digital) (JAST USA),,,
FILE,IBM - PC and Compatibles (Digital) (JAST USA) (20220607-112544).dat,https://raw.githubusercontent.com/open-retrogaming-archive/dat-catalog/main/root/normalized/No-Intro/No-Intro/IBM - PC and Compatibles (Digital) (JAST USA)/IBM - PC and Compatibles (Digital) (JAST USA) (20220607-112544).dat,2376490578,26560
DIRECTORY,Zeebo - Zeebo,,,
FILE,Zeebo - Zeebo (20190815-004208).dat,https://raw.githubusercontent.com/open-retrogaming-archive/dat-catalog/main/root/normalized/No-Intro/No-Intro/Zeebo - Zeebo/Zeebo - Zeebo (20190815-004208).dat,3456646384,488731
DIRECTORY,Apple - Macintosh (BETA) (FluxDumps),,,
FILE,Apple - Macintosh (BETA) (FluxDumps) (20220831-024638).dat,https://raw.githubusercontent.com/open-retrogaming-archive/dat-catalog/main/root/normalized/No-Intro/No-Intro/Apple - Macintosh (BETA) (FluxDumps)/Apple - Macintosh (BETA) (FluxDumps) (20220831-024638).dat,1217002978,854061
DIRECTORY,Nintendo - Wii U (Digital) (CDN) (Lotcheck),,,
FILE,Nintendo - Wii U (Digital) (CDN) (Lotcheck) (20220718-071500).dat,https://raw.githubusercontent.com/open-retrogaming-archive/dat-catalog/main/root/normalized/No-Intro/No-Intro/Nintendo - Wii U (Digital) (CDN) (Lotcheck)/Nintendo - Wii U (Digital) (CDN) (Lotcheck) (20220718-071500).dat,1426177721,1888345
DIRECTORY,Sony - PlayStation Mobile (PSN),,,
FILE,Sony - PlayStation Mobile (PSN) (20200524-163740).dat,https://raw.githubusercontent.com/open-retrogaming-archive/dat-catalog/main/root/normalized/No-Intro/No-Intro/Sony - PlayStation Mobile (PSN)/Sony - PlayStation Mobile (PSN) (20200524-163740).dat,3549015015,345025
DIRECTORY,Apple - Macintosh (WOZ),,,
FILE,Apple - Macintosh (WOZ) (20220727-190526).dat,https://raw.githubusercontent.com/open-retrogaming-archive/dat-catalog/main/root/normalized/No-Intro/No-Intro/Apple - Macintosh (WOZ)/Apple - Macintosh (WOZ) (20220727-190526).dat,2954483237,928
DIRECTORY,Amstrad - CPC (Misc),,,
FILE,Amstrad - CPC (Misc) (20221006-003253).dat,https://raw.githubusercontent.com/open-retrogaming-archive/dat-catalog/main/root/normalized/No-Intro/No-Intro/Amstrad - CPC (Misc)/Amstrad - CPC (Misc) (20221006-003253).dat,9285466,970
DIRECTORY,Bandai - Gundam RX-78,,,
FILE,Bandai - Gundam RX-78 (20211124-013520).dat,https://raw.githubusercontent.com/open-retrogaming-archive/dat-catalog/main/root/normalized/No-Intro/No-Intro/Bandai - Gundam RX-78/Bandai - Gundam RX-78 (20211124-013520).dat,715354353,4653
DIRECTORY,Nintendo - Sufami Turbo,,,
FILE,Nintendo - Sufami Turbo (20210517-221304).dat,https://raw.githubusercontent.com/open-retrogaming-archive/dat-catalog/main/root/normalized/No-Intro/No-Intro/Nintendo - Sufami Turbo/Nintendo - Sufami Turbo (20210517-221304).dat,3396291184,5907
DIRECTORY,Nintendo - Game Boy,,,
FILE,Nintendo - Game Boy (20230318-005235).dat,https://raw.githubusercontent.com/open-retrogaming-archive/dat-catalog/main/root/normalized/No-Intro/No-Intro/Nintendo - Game Boy/Nintendo - Game Boy (20230318-005235).dat,1838086073,747714
DIRECTORY,Hitachi - S1 (Waveform),,,
FILE,Hitachi - S1 (Waveform) (20220730-205621).dat,https://raw.githubusercontent.com/open-retrogaming-archive/dat-catalog/main/root/normalized/No-Intro/No-Intro/Hitachi - S1 (Waveform)/Hitachi - S1 (Waveform) (20220730-205621).dat,1700239556,2219
DIRECTORY,Commodore - Commodore 64,,,
FILE,Commodore - Commodore 64 (20220524-092648).dat,https://raw.githubusercontent.com/open-retrogaming-archive/dat-catalog/main/root/normalized/No-Intro/No-Intro/Commodore - Commodore 64/Commodore - Commodore 64 (20220524-092648).dat,4064277288,108052
DIRECTORY,Apple - II (A2R),,,
FILE,Apple - II (A2R) (20220728-095306).dat,https://raw.githubusercontent.com/open-retrogaming-archive/dat-catalog/main/root/normalized/No-Intro/No-Intro/Apple - II (A2R)/Apple - II (A2R) (20220728-095306).dat,646006077,159903
DIRECTORY,Apple - IIe (A2R),,,
FILE,Apple - IIe (A2R) (20220718-130608).dat,https://raw.githubusercontent.com/open-retrogaming-archive/dat-catalog/main/root/normalized/No-Intro/No-Intro/Apple - IIe (A2R)/Apple - IIe (A2R) (20220718-130608).dat,3954116719,1685
DIRECTORY,Nintendo - Nintendo 3DS (Digital) (Deprecated),,,
FILE,Nintendo - Nintendo 3DS (Digital) (Deprecated) (20211116-092247).dat,https://raw.githubusercontent.com/open-retrogaming-archive/dat-catalog/main/root/normalized/No-Intro/No-Intro/Nintendo - Nintendo 3DS (Digital) (Deprecated)/Nintendo - Nintendo 3DS (Digital) (Deprecated) (20211116-092247).dat,3701746865,362832
DIRECTORY,Apple - IIGS (WOZ),,,
FILE,Apple - IIGS (WOZ) (20220727-120719).dat,https://raw.githubusercontent.com/open-retrogaming-archive/dat-catalog/main/root/normalized/No-Intro/No-Intro/Apple - IIGS (WOZ)/Apple - IIGS (WOZ) (20220727-120719).dat,575461544,89868
DIRECTORY,Atari - ST,,,
FILE,Atari - ST (20220506-114708).dat,https://raw.githubusercontent.com/open-retrogaming-archive/dat-catalog/main/root/normalized/No-Intro/No-Intro/Atari - ST/Atari - ST (20220506-114708).dat,2624250787,137181
DIRECTORY,Texas Instruments - TI-99-4A (A2R),,,
FILE,Texas Instruments - TI-99-4A (A2R) (20221123-054417).dat,https://raw.githubusercontent.com/open-retrogaming-archive/dat-catalog/main/root/normalized/No-Intro/No-Intro/Texas Instruments - TI-99-4A (A2R)/Texas Instruments - TI-99-4A (A2R) (20221123-054417).dat,1511678019,3131
DIRECTORY,Nintendo - Game Boy Advance (Play-Yan),,,
FILE,Nintendo - Game Boy Advance (Play-Yan) (20210113-092936).dat,https://raw.githubusercontent.com/open-retrogaming-archive/dat-catalog/main/root/normalized/No-Intro/No-Intro/Nintendo - Game Boy Advance (Play-Yan)/Nintendo - Game Boy Advance (Play-Yan) (20210113-092936).dat,3886037377,4716
DIRECTORY,TeleNova - Compis (Flux),,,
FILE,TeleNova - Compis (Flux) (20220712-150715).dat,https://raw.githubusercontent.com/open-retrogaming-archive/dat-catalog/main/root/normalized/No-Intro/No-Intro/TeleNova - Compis (Flux)/TeleNova - Compis (Flux) (20220712-150715).dat,4034671785,102035
DIRECTORY,IBM - PC and Compatibles (IPF),,,
FILE,IBM - PC and Compatibles (IPF) (20220729-101656).dat,https://raw.githubusercontent.com/open-retrogaming-archive/dat-catalog/main/root/normalized/No-Intro/No-Intro/IBM - PC and Compatibles (IPF)/IBM - PC and Compatibles (IPF) (20220729-101656).dat,890171978,1801
DIRECTORY,Apple - Macintosh (KryoFlux),,,
FILE,Apple - Macintosh (KryoFlux) (20220727-190526).dat,https://raw.githubusercontent.com/open-retrogaming-archive/dat-catalog/main/root/normalized/No-Intro/No-Intro/Apple - Macintosh (KryoFlux)/Apple - Macintosh (KryoFlux) (20220727-190526).dat,2938402649,1093629
DIRECTORY,Sega - 32X,,,
FILE,Sega - 32X (20230308-124118).dat,https://raw.githubusercontent.com/open-retrogaming-archive/dat-catalog/main/root/normalized/No-Intro/No-Intro/Sega - 32X/Sega - 32X (20230308-124118).dat,1482094080,82018
DIRECTORY,SNK - NeoGeo Pocket Color,,,
FILE,SNK - NeoGeo Pocket Color (20230315-094912).dat,https://raw.githubusercontent.com/open-retrogaming-archive/dat-catalog/main/root/normalized/No-Intro/No-Intro/SNK - NeoGeo Pocket Color/SNK - NeoGeo Pocket Color (20230315-094912).dat,3088153944,56843
DIRECTORY,Sony - PlayStation 3 (PSN) (Updates),,,
FILE,Sony - PlayStation 3 (PSN) (Updates) (20230228-090029).dat,https://raw.githubusercontent.com/open-retrogaming-archive/dat-catalog/main/root/normalized/No-Intro/No-Intro/Sony - PlayStation 3 (PSN) (Updates)/Sony - PlayStation 3 (PSN) (Updates) (20230228-090029).dat,2510508488,4595284
DIRECTORY,Nintendo - Virtual Boy,,,
FILE,Nintendo - Virtual Boy (20230312-214307).dat,https://raw.githubusercontent.com/open-retrogaming-archive/dat-catalog/main/root/normalized/No-Intro/No-Intro/Nintendo - Virtual Boy/Nintendo - Virtual Boy (20230312-214307).dat,188696855,12369
DIRECTORY,Sega - PICO,,,
FILE,Sega - PICO (20221223-055717).dat,https://raw.githubusercontent.com/open-retrogaming-archive/dat-catalog/main/root/normalized/No-Intro/No-Intro/Sega - PICO/Sega - PICO (20221223-055717).dat,3674952380,171364
DIRECTORY,Sony - PlayStation 3 (Development Kit Hard Drives) (Decrypted),,,
FILE,Sony - PlayStation 3 (Development Kit Hard Drives) (Decrypted) (20220831-060008).dat,https://raw.githubusercontent.com/open-retrogaming-archive/dat-catalog/main/root/normalized/No-Intro/No-Intro/Sony - PlayStation 3 (Development Kit Hard Drives) (Decrypted)/Sony - PlayStation 3 (Development Kit Hard Drives) (Decrypted) (20220831-060008).dat,1487111619,875
DIRECTORY,Atari - 5200,,,
FILE,Atari - 5200 (20220405-183755).dat,https://raw.githubusercontent.com/open-retrogaming-archive/dat-catalog/main/root/normalized/No-Intro/No-Intro/Atari - 5200/Atari - 5200 (20220405-183755).dat,744189649,32363
DIRECTORY,Fukutake Publishing - StudyBox,,,
FILE,Fukutake Publishing - StudyBox (20200113-140743).dat,https://raw.githubusercontent.com/open-retrogaming-archive/dat-catalog/main/root/normalized/No-Intro/No-Intro/Fukutake Publishing - StudyBox/Fukutake Publishing - StudyBox (20200113-140743).dat,991967504,4606
DIRECTORY,Nintendo - Game Boy Advance (Video),,,
FILE,Nintendo - Game Boy Advance (Video) (20230301-094141).dat,https://raw.githubusercontent.com/open-retrogaming-archive/dat-catalog/main/root/normalized/No-Intro/No-Intro/Nintendo - Game Boy Advance (Video)/Nintendo - Game Boy Advance (Video) (20230301-094141).dat,1476423552,19173
DIRECTORY,Mobile - Palm OS,,,
FILE,Mobile - Palm OS (20220725-121548).dat,https://raw.githubusercontent.com/open-retrogaming-archive/dat-catalog/main/root/normalized/No-Intro/No-Intro/Mobile - Palm OS/Mobile - Palm OS (20220725-121548).dat,3528583747,4253
DIRECTORY,Sega - Beena,,,
FILE,Sega - Beena (20200127-135209).dat,https://raw.githubusercontent.com/open-retrogaming-archive/dat-catalog/main/root/normalized/No-Intro/No-Intro/Sega - Beena/Sega - Beena (20200127-135209).dat,3284180162,5379
DIRECTORY,Mattel - Intellivision,,,
FILE,Mattel - Intellivision (20230125-231340).dat,https://raw.githubusercontent.com/open-retrogaming-archive/dat-catalog/main/root/normalized/No-Intro/No-Intro/Mattel - Intellivision/Mattel - Intellivision (20230125-231340).dat,3408889641,74646
DIRECTORY,Nintendo - Satellaview,,,
FILE,Nintendo - Satellaview (20230313-132253).dat,https://raw.githubusercontent.com/open-retrogaming-archive/dat-catalog/main/root/normalized/No-Intro/No-Intro/Nintendo - Satellaview/Nintendo - Satellaview (20230313-132253).dat,2559465814,140330
DIRECTORY,IBM - PC and Compatibles (LooseFilesArchive),,,
FILE,IBM - PC and Compatibles (LooseFilesArchive) (20220729-101656).dat,https://raw.githubusercontent.com/open-retrogaming-archive/dat-catalog/main/root/normalized/No-Intro/No-Intro/IBM - PC and Compatibles (LooseFilesArchive)/IBM - PC and Compatibles (LooseFilesArchive) (20220729-101656).dat,745269748,1104
DIRECTORY,Interton - VC 4000,,,
FILE,Interton - VC 4000 (20211122-135810).dat,https://raw.githubusercontent.com/open-retrogaming-archive/dat-catalog/main/root/normalized/No-Intro/No-Intro/Interton - VC 4000/Interton - VC 4000 (20211122-135810).dat,3875551612,20202
DIRECTORY,Mobile - Pocket PC,,,
FILE,Mobile - Pocket PC (20220725-120454).dat,https://raw.githubusercontent.com/open-retrogaming-archive/dat-catalog/main/root/normalized/No-Intro/No-Intro/Mobile - Pocket PC/Mobile - Pocket PC (20220725-120454).dat,1902951572,848
DIRECTORY,Apple - II Plus (WOZ),,,
FILE,Apple - II Plus (WOZ) (20211227-061630).dat,https://raw.githubusercontent.com/open-retrogaming-archive/dat-catalog/main/root/normalized/No-Intro/No-Intro/Apple - II Plus (WOZ)/Apple - II Plus (WOZ) (20211227-061630).dat,3926119965,2464
DIRECTORY,NEC - PC-98 (Greaseweazle),,,
FILE,NEC - PC-98 (Greaseweazle) (20221116-190533).dat,https://raw.githubusercontent.com/open-retrogaming-archive/dat-catalog/main/root/normalized/No-Intro/No-Intro/NEC - PC-98 (Greaseweazle)/NEC - PC-98 (Greaseweazle) (20221116-190533).dat,114549537,905
DIRECTORY,Commodore - Commodore 64 (PP),,,
FILE,Commodore - Commodore 64 (PP) (20131204-081826).dat,https://raw.githubusercontent.com/open-retrogaming-archive/dat-catalog/main/root/normalized/No-Intro/No-Intro/Commodore - Commodore 64 (PP)/Commodore - Commodore 64 (PP) (20131204-081826).dat,1282231853,664591
DIRECTORY,Fujitsu - FMR50 (Flux),,,
FILE,Fujitsu - FMR50 (Flux) (20220302-115306).dat,https://raw.githubusercontent.com/open-retrogaming-archive/dat-catalog/main/root/normalized/No-Intro/No-Intro/Fujitsu - FMR50 (Flux)/Fujitsu - FMR50 (Flux) (20220302-115306).dat,732296076,141127
DIRECTORY,Nintendo - Nintendo DSi (Digital) (CDN) (Decrypted),,,
FILE,Nintendo - Nintendo DSi (Digital) (CDN) (Decrypted) (20230126-201541).dat,https://raw.githubusercontent.com/open-retrogaming-archive/dat-catalog/main/root/normalized/No-Intro/No-Intro/Nintendo - Nintendo DSi (Digital) (CDN) (Decrypted)/Nintendo - Nintendo DSi (Digital) (CDN) (Decrypted) (20230126-201541).dat,3466796500,2115174
DIRECTORY,Konami - Picno,,,
FILE,Konami - Picno (20201121-052249).dat,https://raw.githubusercontent.com/open-retrogaming-archive/dat-catalog/main/root/normalized/No-Intro/No-Intro/Konami - Picno/Konami - Picno (20201121-052249).dat,1546444126,8636
DIRECTORY,Microsoft - Xbox One (Digital),,,
FILE,Microsoft - Xbox One (Digital) (20220706-215821).dat,https://raw.githubusercontent.com/open-retrogaming-archive/dat-catalog/main/root/normalized/No-Intro/No-Intro/Microsoft - Xbox One (Digital)/Microsoft - Xbox One (Digital) (20220706-215821).dat,3213564243,2904120
DIRECTORY,Bandai - WonderSwan Color,,,
FILE,Bandai - WonderSwan Color (20230218-062956).dat,https://raw.githubusercontent.com/open-retrogaming-archive/dat-catalog/main/root/normalized/No-Intro/No-Intro/Bandai - WonderSwan Color/Bandai - WonderSwan Color (20230218-062956).dat,2273806861,40129
DIRECTORY,Acorn - Archimedes (ADF),,,
FILE,Acorn - Archimedes (ADF) (20230128-130930).dat,https://raw.githubusercontent.com/open-retrogaming-archive/dat-catalog/main/root/normalized/No-Intro/No-Intro/Acorn - Archimedes (ADF)/Acorn - Archimedes (ADF) (20230128-130930).dat,1620400450,50458
DIRECTORY,Toshiba - Pasopia (BIN),,,
FILE,Toshiba - Pasopia (BIN) (20220726-115432).dat,https://raw.githubusercontent.com/open-retrogaming-archive/dat-catalog/main/root/normalized/No-Intro/No-Intro/Toshiba - Pasopia (BIN)/Toshiba - Pasopia (BIN) (20220726-115432).dat,2124637748,3642
DIRECTORY,Nintendo - Super Nintendo Entertainment System,,,
FILE,Nintendo - Super Nintendo Entertainment System (20230318-120602).dat,https://raw.githubusercontent.com/open-retrogaming-archive/dat-catalog/main/root/normalized/No-Intro/No-Intro/Nintendo - Super Nintendo Entertainment System/Nintendo - Super Nintendo Entertainment System (20230318-120602).dat,2821585942,1564942
DIRECTORY,Mobile - Palm OS (Digital),,,
FILE,Mobile - Palm OS (Digital) (20221220-003002).dat,https://raw.githubusercontent.com/open-retrogaming-archive/dat-catalog/main/root/normalized/No-Intro/No-Intro/Mobile - Palm OS (Digital)/Mobile - Palm OS (Digital) (20221220-003002).dat,2686283293,277120
DIRECTORY,Sega - Master System - Mark III,,,
FILE,Sega - Master System - Mark III (20230320-151854).dat,https://raw.githubusercontent.com/open-retrogaming-archive/dat-catalog/main/root/normalized/No-Intro/No-Intro/Sega - Master System - Mark III/Sega - Master System - Mark III (20230320-151854).dat,3668645829,222064
DIRECTORY,Atari - ST (Flux),,,
FILE,Atari - ST (Flux) (20220506-114708).dat,https://raw.githubusercontent.com/open-retrogaming-archive/dat-catalog/main/root/normalized/No-Intro/No-Intro/Atari - ST (Flux)/Atari - ST (Flux) (20220506-114708).dat,2676721073,220730
DIRECTORY,Sharp - MZ-700 (Waveform),,,
FILE,Sharp - MZ-700 (Waveform) (20220724-142320).dat,https://raw.githubusercontent.com/open-retrogaming-archive/dat-catalog/main/root/normalized/No-Intro/No-Intro/Sharp - MZ-700 (Waveform)/Sharp - MZ-700 (Waveform) (20220724-142320).dat,1587241708,2721
DIRECTORY,Nintendo - Wii (Digital) (CDN),,,
FILE,Nintendo - Wii (Digital) (CDN) (20230126-120543).dat,https://raw.githubusercontent.com/open-retrogaming-archive/dat-catalog/main/root/normalized/No-Intro/No-Intro/Nintendo - Wii (Digital) (CDN)/Nintendo - Wii (Digital) (CDN) (20230126-120543).dat,4131623752,7783665
DIRECTORY,Sega - Dreamcast (Visual Memory Unit),,,
FILE,Sega - Dreamcast (Visual Memory Unit) (20230103-091559).dat,https://raw.githubusercontent.com/open-retrogaming-archive/dat-catalog/main/root/normalized/No-Intro/No-Intro/Sega - Dreamcast (Visual Memory Unit)/Sega - Dreamcast (Visual Memory Unit) (20230103-091559).dat,1046083032,958
DIRECTORY,Acorn - Risc PC (FluxDumps),,,
FILE,Acorn - Risc PC (FluxDumps) (20221218-172551).dat,https://raw.githubusercontent.com/open-retrogaming-archive/dat-catalog/main/root/normalized/No-Intro/No-Intro/Acorn - Risc PC (FluxDumps)/Acorn - Risc PC (FluxDumps) (20221218-172551).dat,1704119245,370523
DIRECTORY,Nintendo - New Nintendo 3DS (Digital) (Deprecated),,,
FILE,Nintendo - New Nintendo 3DS (Digital) (Deprecated) (20211118-112910).dat,https://raw.githubusercontent.com/open-retrogaming-archive/dat-catalog/main/root/normalized/No-Intro/No-Intro/Nintendo - New Nintendo 3DS (Digital) (Deprecated)/Nintendo - New Nintendo 3DS (Digital) (Deprecated) (20211118-112910).dat,1255427790,76378
DIRECTORY,Sanyo - MBC-550 (Flux),,,
FILE,Sanyo - MBC-550 (Flux) (20220720-120703).dat,https://raw.githubusercontent.com/open-retrogaming-archive/dat-catalog/main/root/normalized/No-Intro/No-Intro/Sanyo - MBC-550 (Flux)/Sanyo - MBC-550 (Flux) (20220720-120703).dat,1386790737,48566
DIRECTORY,Nintendo - Wii U (Digital) (CDN) (Dev),,,
FILE,Nintendo - Wii U (Digital) (CDN) (Dev) (20220718-071500).dat,https://raw.githubusercontent.com/open-retrogaming-archive/dat-catalog/main/root/normalized/No-Intro/No-Intro/Nintendo - Wii U (Digital) (CDN) (Dev)/Nintendo - Wii U (Digital) (CDN) (Dev) (20220718-071500).dat,3553196838,20786314
DIRECTORY,IBM - PC and Compatibles (Digital) (Steam) (Hentai),,,
FILE,IBM - PC and Compatibles (Digital) (Steam) (Hentai) (20220716-020531).dat,https://raw.githubusercontent.com/open-retrogaming-archive/dat-catalog/main/root/normalized/No-Intro/No-Intro/IBM - PC and Compatibles (Digital) (Steam) (Hentai)/IBM - PC and Compatibles (Digital) (Steam) (Hentai) (20220716-020531).dat,1337571383,999
DIRECTORY,VTech - V.Smile,,,
FILE,VTech - V.Smile (20230227-190053).dat,https://raw.githubusercontent.com/open-retrogaming-archive/dat-catalog/main/root/normalized/No-Intro/No-Intro/VTech - V.Smile/VTech - V.Smile (20230227-190053).dat,272843133,77237
DIRECTORY,APF - Imagination Machine,,,
FILE,APF - Imagination Machine (20220416-042756).dat,https://raw.githubusercontent.com/open-retrogaming-archive/dat-catalog/main/root/normalized/No-Intro/No-Intro/APF - Imagination Machine/APF - Imagination Machine (20220416-042756).dat,3834878282,29583
DIRECTORY,Apple - IIe (Kryoflux),,,
FILE,Apple - IIe (Kryoflux) (20220718-130608).dat,https://raw.githubusercontent.com/open-retrogaming-archive/dat-catalog/main/root/normalized/No-Intro/No-Intro/Apple - IIe (Kryoflux)/Apple - IIe (Kryoflux) (20220718-130608).dat,2615752621,24625
DIRECTORY,Bally - Astrocade (Tapes),,,
FILE,Bally - Astrocade (Tapes) (20220914-145554).dat,https://raw.githubusercontent.com/open-retrogaming-archive/dat-catalog/main/root/normalized/No-Intro/No-Intro/Bally - Astrocade (Tapes)/Bally - Astrocade (Tapes) (20220914-145554).dat,1627308728,799
DIRECTORY,Nintendo - Family Computer Disk System (FDS),,,
FILE,Nintendo - Family Computer Disk System (FDS) (20230313-003748).dat,https://raw.githubusercontent.com/open-retrogaming-archive/dat-catalog/main/root/normalized/No-Intro/No-Intro/Nintendo - Family Computer Disk System (FDS)/Nintendo - Family Computer Disk System (FDS) (20230313-003748).dat,2833814055,154003
DIRECTORY,Atari - Jaguar (ROM),,,
FILE,Atari - Jaguar (ROM) (20230312-215215).dat,https://raw.githubusercontent.com/open-retrogaming-archive/dat-catalog/main/root/normalized/No-Intro/No-Intro/Atari - Jaguar (ROM)/Atari - Jaguar (ROM) (20230312-215215).dat,1008385075,32010
DIRECTORY,Bandai - Design Master Denshi Mangajuku,,,
FILE,Bandai - Design Master Denshi Mangajuku (20211124-132745).dat,https://raw.githubusercontent.com/open-retrogaming-archive/dat-catalog/main/root/normalized/No-Intro/No-Intro/Bandai - Design Master Denshi Mangajuku/Bandai - Design Master Denshi Mangajuku (20211124-132745).dat,2129895569,4445
DIRECTORY,Benesse - Pocket Challenge W,,,
FILE,Benesse - Pocket Challenge W (20221211-062513).dat,https://raw.githubusercontent.com/open-retrogaming-archive/dat-catalog/main/root/normalized/No-Intro/No-Intro/Benesse - Pocket Challenge W/Benesse - Pocket Challenge W (20221211-062513).dat,3668338520,25488
DIRECTORY,NEC - PC-88 (Flux),,,
FILE,NEC - PC-88 (Flux) (20220725-151518).dat,https://raw.githubusercontent.com/open-retrogaming-archive/dat-catalog/main/root/normalized/No-Intro/No-Intro/NEC - PC-88 (Flux)/NEC - PC-88 (Flux) (20220725-151518).dat,1654859640,111254
DIRECTORY,Coleco - ColecoVision,,,
FILE,Coleco - ColecoVision (20230204-141322).dat,https://raw.githubusercontent.com/open-retrogaming-archive/dat-catalog/main/root/normalized/No-Intro/No-Intro/Coleco - ColecoVision/Coleco - ColecoVision (20230204-141322).dat,4279996926,59837
DIRECTORY,Atari - Lynx,,,
FILE,Atari - Lynx (20230322-221226).dat,https://raw.githubusercontent.com/open-retrogaming-archive/dat-catalog/main/root/normalized/No-Intro/No-Intro/Atari - Lynx/Atari - Lynx (20230322-221226).dat,1950595959,29830
DIRECTORY,VM Labs - NUON (Digital),,,
FILE,VM Labs - NUON (Digital) (20230313-131707).dat,https://raw.githubusercontent.com/open-retrogaming-archive/dat-catalog/main/root/normalized/No-Intro/No-Intro/VM Labs - NUON (Digital)/VM Labs - NUON (Digital) (20230313-131707).dat,285460488,9151
DIRECTORY,Acorn - Archimedes (JFD),,,
FILE,Acorn - Archimedes (JFD) (20230128-130930).dat,https://raw.githubusercontent.com/open-retrogaming-archive/dat-catalog/main/root/normalized/No-Intro/No-Intro/Acorn - Archimedes (JFD)/Acorn - Archimedes (JFD) (20230128-130930).dat,2527056811,32462
DIRECTORY,Sony - PlayStation (PS one Classics) (PSN),,,
FILE,Sony - PlayStation (PS one Classics) (PSN) (20220402-020621).dat,https://raw.githubusercontent.com/open-retrogaming-archive/dat-catalog/main/root/normalized/No-Intro/No-Intro/Sony - PlayStation (PS one Classics) (PSN)/Sony - PlayStation (PS one Classics) (PSN) (20220402-020621).dat,677100028,645424
DIRECTORY,IBM - PC and Compatibles (KryoFlux),,,
FILE,IBM - PC and Compatibles (KryoFlux) (20220729-101656).dat,https://raw.githubusercontent.com/open-retrogaming-archive/dat-catalog/main/root/normalized/No-Intro/No-Intro/IBM - PC and Compatibles (KryoFlux)/IBM - PC and Compatibles (KryoFlux) (20220729-101656).dat,3611038387,995321
DIRECTORY,Atari - 2600,,,
FILE,Atari - 2600 (20230312-212355).dat,https://raw.githubusercontent.com/open-retrogaming-archive/dat-catalog/main/root/normalized/No-Intro/No-Intro/Atari - 2600/Atari - 2600 (20230312-212355).dat,3786256389,209777
DIRECTORY,Nintendo - Nintendo DSi (Digital) (CDN) (Encrypted),,,
FILE,Nintendo - Nintendo DSi (Digital) (CDN) (Encrypted) (20230126-201541).dat,https://raw.githubusercontent.com/open-retrogaming-archive/dat-catalog/main/root/normalized/No-Intro/No-Intro/Nintendo - Nintendo DSi (Digital) (CDN) (Encrypted)/Nintendo - Nintendo DSi (Digital) (CDN) (Encrypted) (20230126-201541).dat,223254012,6308995
DIRECTORY,Apple - Macintosh (DC42),,,
FILE,Apple - Macintosh (DC42) (20220727-190526).dat,https://raw.githubusercontent.com/open-retrogaming-archive/dat-catalog/main/root/normalized/No-Intro/No-Intro/Apple - Macintosh (DC42)/Apple - Macintosh (DC42) (20220727-190526).dat,2808292124,8750
DIRECTORY,Sinclair - ZX Spectrum +3,,,
FILE,Sinclair - ZX Spectrum +3 (20161210-235900).dat,https://raw.githubusercontent.com/open-retrogaming-archive/dat-catalog/main/root/normalized/No-Intro/No-Intro/Sinclair - ZX Spectrum +3/Sinclair - ZX Spectrum +3 (20161210-235900).dat,1146821671,38635
DIRECTORY,Nintendo - amiibo,,,
FILE,Nintendo - amiibo (20211113-040458).dat,https://raw.githubusercontent.com/open-retrogaming-archive/dat-catalog/main/root/normalized/No-Intro/No-Intro/Nintendo - amiibo/Nintendo - amiibo (20211113-040458).dat,2048095977,291899
DIRECTORY,Apple - IIe (WOZ),,,
FILE,Apple - IIe (WOZ) (20220718-130608).dat,https://raw.githubusercontent.com/open-retrogaming-archive/dat-catalog/main/root/normalized/No-Intro/No-Intro/Apple - IIe (WOZ)/Apple - IIe (WOZ) (20220718-130608).dat,4041114312,1679
DIRECTORY,Nintendo - Game & Watch,,,
FILE,Nintendo - Game & Watch (20211228-000000).dat,https://raw.githubusercontent.com/open-retrogaming-archive/dat-catalog/main/root/normalized/No-Intro/No-Intro/Nintendo - Game & Watch/Nintendo - Game & Watch (20211228-000000).dat,2004272995,1182
DIRECTORY,Nintendo - Nintendo 64 (BigEndian),,,
FILE,Nintendo - Nintendo 64 (BigEndian) (20230323-130549).dat,https://raw.githubusercontent.com/open-retrogaming-archive/dat-catalog/main/root/normalized/No-Intro/No-Intro/Nintendo - Nintendo 64 (BigEndian)/Nintendo - Nintendo 64 (BigEndian) (20230323-130549).dat,877463427,409246
DIRECTORY,iQue - iQue (Decrypted),,,
FILE,iQue - iQue (Decrypted) (20220521-055741).dat,https://raw.githubusercontent.com/open-retrogaming-archive/dat-catalog/main/root/normalized/No-Intro/No-Intro/iQue - iQue (Decrypted)/iQue - iQue (Decrypted) (20220521-055741).dat,2117186958,19775
DIRECTORY,Nintendo - Nintendo Entertainment System (Headerless),,,
FILE,Nintendo - Nintendo Entertainment System (Headerless) (20230323-220138).dat,https://raw.githubusercontent.com/open-retrogaming-archive/dat-catalog/main/root/normalized/No-Intro/No-Intro/Nintendo - Nintendo Entertainment System (Headerless)/Nintendo - Nintendo Entertainment System (Headerless) (20230323-220138).dat,50644612,1280219
DIRECTORY,Nintendo - Family Computer Disk System (QD),,,
FILE,Nintendo - Family Computer Disk System (QD) (20230313-003748).dat,https://raw.githubusercontent.com/open-retrogaming-archive/dat-catalog/main/root/normalized/No-Intro/No-Intro/Nintendo - Family Computer Disk System (QD)/Nintendo - Family Computer Disk System (QD) (20230313-003748).dat,403525985,131168
DIRECTORY,Nintendo - Kiosk Video Compact Flash (CardImage),,,
FILE,Nintendo - Kiosk Video Compact Flash (CardImage) (20211208-080217).dat,https://raw.githubusercontent.com/open-retrogaming-archive/dat-catalog/main/root/normalized/No-Intro/No-Intro/Nintendo - Kiosk Video Compact Flash (CardImage)/Nintendo - Kiosk Video Compact Flash (CardImage) (20211208-080217).dat,1622990171,2139
DIRECTORY,Apple - Macintosh (BETA) (Bitstreams),,,
FILE,Apple - Macintosh (BETA) (Bitstreams) (20220831-024638).dat,https://raw.githubusercontent.com/open-retrogaming-archive/dat-catalog/main/root/normalized/No-Intro/No-Intro/Apple - Macintosh (BETA) (Bitstreams)/Apple - Macintosh (BETA) (Bitstreams) (20220831-024638).dat,716310173,917
DIRECTORY,Nokia - N-Gage (WIP),,,
FILE,Nokia - N-Gage (WIP) (20220220-010530).dat,https://raw.githubusercontent.com/open-retrogaming-archive/dat-catalog/main/root/normalized/No-Intro/No-Intro/Nokia - N-Gage (WIP)/Nokia - N-Gage (WIP) (20220220-010530).dat,2237508498,951
DIRECTORY,Nintendo - Kiosk Video Compact Flash (Extracted),,,
FILE,Nintendo - Kiosk Video Compact Flash (Extracted) (20211208-080217).dat,https://raw.githubusercontent.com/open-retrogaming-archive/dat-catalog/main/root/normalized/No-Intro/No-Intro/Nintendo - Kiosk Video Compact Flash (Extracted)/Nintendo - Kiosk Video Compact Flash (Extracted) (20211208-080217).dat,3350969800,3414
DIRECTORY,Nintendo - Nintendo DSi (Digital),,,
FILE,Nintendo - Nintendo DSi (Digital) (20220506-190731).dat,https://raw.githubusercontent.com/open-retrogaming-archive/dat-catalog/main/root/normalized/No-Intro/No-Intro/Nintendo - Nintendo DSi (Digital)/Nintendo - Nintendo DSi (Digital) (20220506-190731).dat,3413476721,334072
DIRECTORY,Epoch - Game Pocket Computer,,,
FILE,Epoch - Game Pocket Computer (20211122-141248).dat,https://raw.githubusercontent.com/open-retrogaming-archive/dat-catalog/main/root/normalized/No-Intro/No-Intro/Epoch - Game Pocket Computer/Epoch - Game Pocket Computer (20211122-141248).dat,679094120,2289
DIRECTORY,Sony - PlayStation Portable (PSN) (Encrypted),,,
FILE,Sony - PlayStation Portable (PSN) (Encrypted) (20230128-092336).dat,https://raw.githubusercontent.com/open-retrogaming-archive/dat-catalog/main/root/normalized/No-Intro/No-Intro/Sony - PlayStation Portable (PSN) (Encrypted)/Sony - PlayStation Portable (PSN) (Encrypted) (20230128-092336).dat,4083864354,2384579
DIRECTORY,Nintendo - Nintendo DSi (Encrypted),,,
FILE,Nintendo - Nintendo DSi (Encrypted) (20221120-044114).dat,https://raw.githubusercontent.com/open-retrogaming-archive/dat-catalog/main/root/normalized/No-Intro/No-Intro/Nintendo - Nintendo DSi (Encrypted)/Nintendo - Nintendo DSi (Encrypted) (20221120-044114).dat,1667291002,10832
DIRECTORY,Philips - Videopac+,,,
FILE,Philips - Videopac+ (20120223-000000).dat,https://raw.githubusercontent.com/open-retrogaming-archive/dat-catalog/main/root/normalized/No-Intro/No-Intro/Philips - Videopac+/Philips - Videopac+ (20120223-000000).dat,2078154025,10263
DIRECTORY,IBM - PC and Compatibles (KryoFluxWIP),,,
FILE,IBM - PC and Compatibles (KryoFluxWIP) (20220729-101656).dat,https://raw.githubusercontent.com/open-retrogaming-archive/dat-catalog/main/root/normalized/No-Intro/No-Intro/IBM - PC and Compatibles (KryoFluxWIP)/IBM - PC and Compatibles (KryoFluxWIP) (20220729-101656).dat,4134907678,2696369
DIRECTORY,Bally - Astrocade (Tapes) (WAV),,,
FILE,Bally - Astrocade (Tapes) (WAV) (20220914-145554).dat,https://raw.githubusercontent.com/open-retrogaming-archive/dat-catalog/main/root/normalized/No-Intro/No-Intro/Bally - Astrocade (Tapes) (WAV)/Bally - Astrocade (Tapes) (WAV) (20220914-145554).dat,570044638,896
DIRECTORY,Apple - Macintosh (Uncategorized),,,
FILE,Apple - Macintosh (Uncategorized) (20220727-190526).dat,https://raw.githubusercontent.com/open-retrogaming-archive/dat-catalog/main/root/normalized/No-Intro/No-Intro/Apple - Macintosh (Uncategorized)/Apple - Macintosh (Uncategorized) (20220727-190526).dat,705815996,4005
DIRECTORY,Nintendo - Game Boy Advance,,,
FILE,Nintendo - Game Boy Advance (20230321-143044).dat,https://raw.githubusercontent.com/open-retrogaming-archive/dat-catalog/main/root/normalized/No-Intro/No-Intro/Nintendo - Game Boy Advance/Nintendo - Game Boy Advance (20230321-143044).dat,1912481909,1259386
DIRECTORY,Apple - II (WOZ),,,
FILE,Apple - II (WOZ) (20220728-095306).dat,https://raw.githubusercontent.com/open-retrogaming-archive/dat-catalog/main/root/normalized/No-Intro/No-Intro/Apple - II (WOZ)/Apple - II (WOZ) (20220728-095306).dat,1601378583,1238
DIRECTORY,Sony - PlayStation Vita (PSN) (Content),,,
FILE,Sony - PlayStation Vita (PSN) (Content) (20220715-104102).dat,https://raw.githubusercontent.com/open-retrogaming-archive/dat-catalog/main/root/normalized/No-Intro/No-Intro/Sony - PlayStation Vita (PSN) (Content)/Sony - PlayStation Vita (PSN) (Content) (20220715-104102).dat,3861349243,6971333
DIRECTORY,Atari - 7800,,,
FILE,Atari - 7800 (20220714-205237).dat,https://raw.githubusercontent.com/open-retrogaming-archive/dat-catalog/main/root/normalized/No-Intro/No-Intro/Atari - 7800/Atari - 7800 (20220714-205237).dat,3767850543,35703
DIRECTORY,Casio - Loopy,,,
FILE,Casio - Loopy (20220312-141401).dat,https://raw.githubusercontent.com/open-retrogaming-archive/dat-catalog/main/root/normalized/No-Intro/No-Intro/Casio - Loopy/Casio - Loopy (20220312-141401).dat,4075596317,4590
DIRECTORY,Nintendo - Nintendo 64 (ByteSwapped),,,
FILE,Nintendo - Nintendo 64 (ByteSwapped) (20230323-130549).dat,https://raw.githubusercontent.com/open-retrogaming-archive/dat-catalog/main/root/normalized/No-Intro/No-Intro/Nintendo - Nintendo 64 (ByteSwapped)/Nintendo - Nintendo 64 (ByteSwapped) (20230323-130549).dat,3772725078,376109
DIRECTORY,Sony - PlayStation 3 (PSN) (Content),,,
FILE,Sony - PlayStation 3 (PSN) (Content) (20230201-155510).dat,https://raw.githubusercontent.com/open-retrogaming-archive/dat-catalog/main/root/normalized/No-Intro/No-Intro/Sony - PlayStation 3 (PSN) (Content)/Sony - PlayStation 3 (PSN) (Content) (20230201-155510).dat,810953430,17050701
DIRECTORY,Sharp - MZ-2200 (Waveform),,,
FILE,Sharp - MZ-2200 (Waveform) (20220726-061910).dat,https://raw.githubusercontent.com/open-retrogaming-archive/dat-catalog/main/root/normalized/No-Intro/No-Intro/Sharp - MZ-2200 (Waveform)/Sharp - MZ-2200 (Waveform) (20220726-061910).dat,3821900090,3108
DIRECTORY,Nichibutsu - My Vision,,,
FILE,Nichibutsu - My Vision (20211122-121019).dat,https://raw.githubusercontent.com/open-retrogaming-archive/dat-catalog/main/root/normalized/No-Intro/No-Intro/Nichibutsu - My Vision/Nichibutsu - My Vision (20211122-121019).dat,1237215143,3259
DIRECTORY,IBM - PC and Compatibles (Digital) (Misc) (Hentai),,,
FILE,IBM - PC and Compatibles (Digital) (Misc) (Hentai) (20220717-123500).dat,https://raw.githubusercontent.com/open-retrogaming-archive/dat-catalog/main/root/normalized/No-Intro/No-Intro/IBM - PC and Compatibles (Digital) (Misc) (Hentai)/IBM - PC and Compatibles (Digital) (Misc) (Hentai) (20220717-123500).dat,2741597163,28998
DIRECTORY,Seta - Aleck64 (BigEndian),,,
FILE,Seta - Aleck64 (BigEndian) (20220513-040448).dat,https://raw.githubusercontent.com/open-retrogaming-archive/dat-catalog/main/root/normalized/No-Intro/No-Intro/Seta - Aleck64 (BigEndian)/Seta - Aleck64 (BigEndian) (20220513-040448).dat,4144010075,5737
DIRECTORY,Nintendo - Nintendo DS (Download Play),,,
FILE,Nintendo - Nintendo DS (Download Play) (20230322-110252).dat,https://raw.githubusercontent.com/open-retrogaming-archive/dat-catalog/main/root/normalized/No-Intro/No-Intro/Nintendo - Nintendo DS (Download Play)/Nintendo - Nintendo DS (Download Play) (20230322-110252).dat,2933792166,580073
DIRECTORY,Nintendo - New Nintendo 3DS (Encrypted),,,
FILE,Nintendo - New Nintendo 3DS (Encrypted) (20220803-160257).dat,https://raw.githubusercontent.com/open-retrogaming-archive/dat-catalog/main/root/normalized/No-Intro/No-Intro/Nintendo - New Nintendo 3DS (Encrypted)/Nintendo - New Nintendo 3DS (Encrypted) (20220803-160257).dat,3644154619,5474
DIRECTORY,Tiger - Game.com,,,
FILE,Tiger - Game.com (20221031-184634).dat,https://raw.githubusercontent.com/open-retrogaming-archive/dat-catalog/main/root/normalized/No-Intro/No-Intro/Tiger - Game.com/Tiger - Game.com (20221031-184634).dat,2656907974,7490
DIRECTORY,Microsoft - Xbox 360 (Digital),,,
FILE,Microsoft - Xbox 360 (Digital) (20230314-081206).dat,https://raw.githubusercontent.com/open-retrogaming-archive/dat-catalog/main/root/normalized/No-Intro/No-Intro/Microsoft - Xbox 360 (Digital)/Microsoft - Xbox 360 (Digital) (20230314-081206).dat,1090212550,8502347
DIRECTORY,Sega - Mega Drive - Genesis,,,
FILE,Sega - Mega Drive - Genesis (20230323-154627).dat,https://raw.githubusercontent.com/open-retrogaming-archive/dat-catalog/main/root/normalized/No-Intro/No-Intro/Sega - Mega Drive - Genesis/Sega - Mega Drive - Genesis (20230323-154627).dat,1457051583,909444
DIRECTORY,Nintendo - Wallpapers,,,
FILE,Nintendo - Wallpapers (20230201-173606).dat,https://raw.githubusercontent.com/open-retrogaming-archive/dat-catalog/main/root/normalized/No-Intro/No-Intro/Nintendo - Wallpapers/Nintendo - Wallpapers (20230201-173606).dat,3273129562,11904
DIRECTORY,Acorn RISC OS - Flash Media (Misc),,,
FILE,Acorn RISC OS - Flash Media (Misc) (20221123-054527).dat,https://raw.githubusercontent.com/open-retrogaming-archive/dat-catalog/main/root/normalized/No-Intro/No-Intro/Acorn RISC OS - Flash Media (Misc)/Acorn RISC OS - Flash Media (Misc) (20221123-054527).dat,4207894240,1549
DIRECTORY,Nintendo - Wii U (Digital) (CDN),,,
FILE,Nintendo - Wii U (Digital) (CDN) (20230315-072806).dat,https://raw.githubusercontent.com/open-retrogaming-archive/dat-catalog/main/root/normalized/No-Intro/No-Intro/Nintendo - Wii U (Digital) (CDN)/Nintendo - Wii U (Digital) (CDN) (20230315-072806).dat,1797986993,30116062
DIRECTORY,Emerson - Arcadia 2001,,,
FILE,Emerson - Arcadia 2001 (20081124-193319).dat,https://raw.githubusercontent.com/open-retrogaming-archive/dat-catalog/main/root/normalized/No-Intro/No-Intro/Emerson - Arcadia 2001/Emerson - Arcadia 2001 (20081124-193319).dat,3656429196,13403
DIRECTORY,Acorn - Atom (Tapes),,,
FILE,Acorn - Atom (Tapes) (20221217-113309).dat,https://raw.githubusercontent.com/open-retrogaming-archive/dat-catalog/main/root/normalized/No-Intro/No-Intro/Acorn - Atom (Tapes)/Acorn - Atom (Tapes) (20221217-113309).dat,2890408774,6805
DIRECTORY,Mobile - Symbian,,,
FILE,Mobile - Symbian (20220516-232715).dat,https://raw.githubusercontent.com/open-retrogaming-archive/dat-catalog/main/root/normalized/No-Intro/No-Intro/Mobile - Symbian/Mobile - Symbian (20220516-232715).dat,3920792217,8154
DIRECTORY,RCA - Studio II,,,
FILE,RCA - Studio II (20200201-121822).dat,https://raw.githubusercontent.com/open-retrogaming-archive/dat-catalog/main/root/normalized/No-Intro/No-Intro/RCA - Studio II/RCA - Studio II (20200201-121822).dat,3367203869,7900
DIRECTORY,Apple - I (Tapes),,,
FILE,Apple - I (Tapes) (20230313-130448).dat,https://raw.githubusercontent.com/open-retrogaming-archive/dat-catalog/main/root/normalized/No-Intro/No-Intro/Apple - I (Tapes)/Apple - I (Tapes) (20230313-130448).dat,2377984315,13386
DIRECTORY,NEC - PC Engine SuperGrafx,,,
FILE,NEC - PC Engine SuperGrafx (20210905-042020).dat,https://raw.githubusercontent.com/open-retrogaming-archive/dat-catalog/main/root/normalized/No-Intro/No-Intro/NEC - PC Engine SuperGrafx/NEC - PC Engine SuperGrafx (20210905-042020).dat,3240400419,2034
DIRECTORY,Nintendo - Game Boy Advance (Multiboot),,,
FILE,Nintendo - Game Boy Advance (Multiboot) (20220808-164416).dat,https://raw.githubusercontent.com/open-retrogaming-archive/dat-catalog/main/root/normalized/No-Intro/No-Intro/Nintendo - Game Boy Advance (Multiboot)/Nintendo - Game Boy Advance (Multiboot) (20220808-164416).dat,3322350080,41680
DIRECTORY,Sega - Dreamcast (Development Kit Hard Drives),,,
FILE,Sega - Dreamcast (Development Kit Hard Drives) (20230104-093851).dat,https://raw.githubusercontent.com/open-retrogaming-archive/dat-catalog/main/root/normalized/No-Intro/No-Intro/Sega - Dreamcast (Development Kit Hard Drives)/Sega - Dreamcast (Development Kit Hard Drives) (20230104-093851).dat,2482918174,4994
DIRECTORY,Commodore - Amiga,,,
FILE,Commodore - Amiga (20220712-143036).dat,https://raw.githubusercontent.com/open-retrogaming-archive/dat-catalog/main/root/normalized/No-Intro/No-Intro/Commodore - Amiga/Commodore - Amiga (20220712-143036).dat,1583621687,1491142
DIRECTORY,Bandai - WonderSwan,,,
FILE,Bandai - WonderSwan (20230317-075216).dat,https://raw.githubusercontent.com/open-retrogaming-archive/dat-catalog/main/root/normalized/No-Intro/No-Intro/Bandai - WonderSwan/Bandai - WonderSwan (20230317-075216).dat,1688156316,46613
DIRECTORY,VTech - Mobigo,,,
FILE,VTech - Mobigo (20220207-083241).dat,https://raw.githubusercontent.com/open-retrogaming-archive/dat-catalog/main/root/normalized/No-Intro/No-Intro/VTech - Mobigo/VTech - Mobigo (20220207-083241).dat,1459853456,530
DIRECTORY,NEC - PC Engine - TurboGrafx-16,,,
FILE,NEC - PC Engine - TurboGrafx-16 (20230318-104342).dat,https://raw.githubusercontent.com/open-retrogaming-archive/dat-catalog/main/root/normalized/No-Intro/No-Intro/NEC - PC Engine - TurboGrafx-16/NEC - PC Engine - TurboGrafx-16 (20230318-104342).dat,2220223612,152861
DIRECTORY,GamePark - GP32,,,
FILE,GamePark - GP32 (20100224-080928).dat,https://raw.githubusercontent.com/open-retrogaming-archive/dat-catalog/main/root/normalized/No-Intro/No-Intro/GamePark - GP32/GamePark - GP32 (20100224-080928).dat,3559891972,11996
DIRECTORY,Sharp - X68000 (Flux),,,
FILE,Sharp - X68000 (Flux) (20220302-045947).dat,https://raw.githubusercontent.com/open-retrogaming-archive/dat-catalog/main/root/normalized/No-Intro/No-Intro/Sharp - X68000 (Flux)/Sharp - X68000 (Flux) (20220302-045947).dat,3007710165,60484
DIRECTORY,NEC - PC-98 (Uncategorized),,,
FILE,NEC - PC-98 (Uncategorized) (20221116-190533).dat,https://raw.githubusercontent.com/open-retrogaming-archive/dat-catalog/main/root/normalized/No-Intro/No-Intro/NEC - PC-98 (Uncategorized)/NEC - PC-98 (Uncategorized) (20221116-190533).dat,2767493376,7775
DIRECTORY,Unofficial,,,
DIRECTORY,Unofficial - Microsoft - Xbox 360 (Title Updates),,,
FILE,Unofficial - Microsoft - Xbox 360 (Title Updates) (20220623-103723).dat,https://raw.githubusercontent.com/open-retrogaming-archive/dat-catalog/main/root/normalized/No-Intro/Unofficial/Unofficial - Microsoft - Xbox 360 (Title Updates)/Unofficial - Microsoft - Xbox 360 (Title Updates) (20220623-103723).dat,3109743328,454671
DIRECTORY,Unofficial - Sony - PlayStation Portable (UMD Video),,,
FILE,Unofficial - Sony - PlayStation Portable (UMD Video) (20230226-045301).dat,https://raw.githubusercontent.com/open-retrogaming-archive/dat-catalog/main/root/normalized/No-Intro/Unofficial/Unofficial - Sony - PlayStation Portable (UMD Video)/Unofficial - Sony - PlayStation Portable (UMD Video) (20230226-045301).dat,3603144405,363426
DIRECTORY,Unofficial - Sony - PlayStation Portable (PSN) (Decrypted),,,
FILE,Unofficial - Sony - PlayStation Portable (PSN) (Decrypted) (20210518-031944).dat,https://raw.githubusercontent.com/open-retrogaming-archive/dat-catalog/main/root/normalized/No-Intro/Unofficial/Unofficial - Sony - PlayStation Portable (PSN) (Decrypted)/Unofficial - Sony - PlayStation Portable (PSN) (Decrypted) (20210518-031944).dat,2132387004,5244184
DIRECTORY,Unofficial - Nintendo - Wii U (Digital) (Deprecated),,,
FILE,Unofficial - Nintendo - Wii U (Digital) (Deprecated) (20191222-002825).dat,https://raw.githubusercontent.com/open-retrogaming-archive/dat-catalog/main/root/normalized/No-Intro/Unofficial/Unofficial - Nintendo - Wii U (Digital) (Deprecated)/Unofficial - Nintendo - Wii U (Digital) (Deprecated) (20191222-002825).dat,2603689920,4007005
DIRECTORY,Unofficial - Nintendo - Nintendo 3DS (Digital) (Updates and DLC) (Encrypted),,,
FILE,Unofficial - Nintendo - Nintendo 3DS (Digital) (Updates and DLC) (Encrypted) (20230226-121043).dat,https://raw.githubusercontent.com/open-retrogaming-archive/dat-catalog/main/root/normalized/No-Intro/Unofficial/Unofficial - Nintendo - Nintendo 3DS (Digital) (Updates and DLC) (Encrypted)/Unofficial - Nintendo - Nintendo 3DS (Digital) (Updates and DLC) (Encrypted) (20230226-121043).dat,195463145,836645
DIRECTORY,Unofficial - Video Game Magazine Scans (RAW),,,
FILE,Unofficial - Video Game Magazine Scans (RAW) (20220824-051032).dat,https://raw.githubusercontent.com/open-retrogaming-archive/dat-catalog/main/root/normalized/No-Intro/Unofficial/Unofficial - Video Game Magazine Scans (RAW)/Unofficial - Video Game Magazine Scans (RAW) (20220824-051032).dat,671548223,2603591
DIRECTORY,Unofficial - Video Game Manual Scans (JPEG),,,
FILE,Unofficial - Video Game Manual Scans (JPEG) (20221116-105355).dat,https://raw.githubusercontent.com/open-retrogaming-archive/dat-catalog/main/root/normalized/No-Intro/Unofficial/Unofficial - Video Game Manual Scans (JPEG)/Unofficial - Video Game Manual Scans (JPEG) (20221116-105355).dat,3690392519,5860
DIRECTORY,Unofficial - Sony - PlayStation Vita (NoNpDrm),,,
FILE,Unofficial - Sony - PlayStation Vita (NoNpDrm) (20230323-115733).dat,https://raw.githubusercontent.com/open-retrogaming-archive/dat-catalog/main/root/normalized/No-Intro/Unofficial/Unofficial - Sony - PlayStation Vita (NoNpDrm)/Unofficial - Sony - PlayStation Vita (NoNpDrm) (20230323-115733).dat,1218638768,8299121
DIRECTORY,Unofficial - Nintendo - Wii (Digital) (Deprecated) (WAD),,,
FILE,Unofficial - Nintendo - Wii (Digital) (Deprecated) (WAD) (20220705-132507).dat,https://raw.githubusercontent.com/open-retrogaming-archive/dat-catalog/main/root/normalized/No-Intro/Unofficial/Unofficial - Nintendo - Wii (Digital) (Deprecated) (WAD)/Unofficial - Nintendo - Wii (Digital) (Deprecated) (WAD) (20220705-132507).dat,3944987211,1131995
DIRECTORY,Unofficial - Sony - PlayStation Vita (PSVgameSD),,,
FILE,Unofficial - Sony - PlayStation Vita (PSVgameSD) (20230323-115733).dat,https://raw.githubusercontent.com/open-retrogaming-archive/dat-catalog/main/root/normalized/No-Intro/Unofficial/Unofficial - Sony - PlayStation Vita (PSVgameSD)/Unofficial - Sony - PlayStation Vita (PSVgameSD) (20230323-115733).dat,177464985,169750
DIRECTORY,Unofficial - Sony - PlayStation Vita (PSN) (Decrypted) (NoNpDrm),,,
FILE,Unofficial - Sony - PlayStation Vita (PSN) (Decrypted) (NoNpDrm) (20220715-105412).dat,https://raw.githubusercontent.com/open-retrogaming-archive/dat-catalog/main/root/normalized/No-Intro/Unofficial/Unofficial - Sony - PlayStation Vita (PSN) (Decrypted) (NoNpDrm)/Unofficial - Sony - PlayStation Vita (PSN) (Decrypted) (NoNpDrm) (20220715-105412).dat,3241821128,16314
DIRECTORY,Unofficial - Sony - PlayStation Vita (PSN) (Decrypted) (VPK),,,
FILE,Unofficial - Sony - PlayStation Vita (PSN) (Decrypted) (VPK) (20220715-105412).dat,https://raw.githubusercontent.com/open-retrogaming-archive/dat-catalog/main/root/normalized/No-Intro/Unofficial/Unofficial - Sony - PlayStation Vita (PSN) (Decrypted) (VPK)/Unofficial - Sony - PlayStation Vita (PSN) (Decrypted) (VPK) (20220715-105412).dat,1487554504,19798
DIRECTORY,Unofficial - Sony - PlayStation Portable (UMD Music),,,
FILE,Unofficial - Sony - PlayStation Portable (UMD Music) (20230226-034727).dat,https://raw.githubusercontent.com/open-retrogaming-archive/dat-catalog/main/root/normalized/No-Intro/Unofficial/Unofficial - Sony - PlayStation Portable (UMD Music)/Unofficial - Sony - PlayStation Portable (UMD Music) (20230226-034727).dat,319255857,24017
DIRECTORY,Unofficial - Nintendo - Wii (Digital) (Split DLC) (Deprecated) (WAD),,,
FILE,Unofficial - Nintendo - Wii (Digital) (Split DLC) (Deprecated) (WAD) (20190825-031431).dat,https://raw.githubusercontent.com/open-retrogaming-archive/dat-catalog/main/root/normalized/No-Intro/Unofficial/Unofficial - Nintendo - Wii (Digital) (Split DLC) (Deprecated) (WAD)/Unofficial - Nintendo - Wii (Digital) (Split DLC) (Deprecated) (WAD) (20190825-031431).dat,3484822083,2010223
DIRECTORY,Unofficial - Sony - PlayStation Portable (PSX2PSP),,,
FILE,Unofficial - Sony - PlayStation Portable (PSX2PSP) (20130318-035538).dat,https://raw.githubusercontent.com/open-retrogaming-archive/dat-catalog/main/root/normalized/No-Intro/Unofficial/Unofficial - Sony - PlayStation Portable (PSX2PSP)/Unofficial - Sony - PlayStation Portable (PSX2PSP) (20130318-035538).dat,1877075656,151859
DIRECTORY,Unofficial - Video Game Magazine Scans (PDF),,,
FILE,Unofficial - Video Game Magazine Scans (PDF) (20220824-051032).dat,https://raw.githubusercontent.com/open-retrogaming-archive/dat-catalog/main/root/normalized/No-Intro/Unofficial/Unofficial - Video Game Magazine Scans (PDF)/Unofficial - Video Game Magazine Scans (PDF) (20220824-051032).dat,2952843038,236721
DIRECTORY,Unofficial - Nintendo - Nintendo 3DS (Digital) (Updates and DLC) (Decrypted),,,
FILE,Unofficial - Nintendo - Nintendo 3DS (Digital) (Updates and DLC) (Decrypted) (20230226-121043).dat,https://raw.githubusercontent.com/open-retrogaming-archive/dat-catalog/main/root/normalized/No-Intro/Unofficial/Unofficial - Nintendo - Nintendo 3DS (Digital) (Updates and DLC) (Decrypted)/Unofficial - Nintendo - Nintendo 3DS (Digital) (Updates and DLC) (Decrypted) (20230226-121043).dat,3943736923,24731
DIRECTORY,Unofficial - Sony - PlayStation 3 (PSN) (Decrypted),,,
FILE,Unofficial - Sony - PlayStation 3 (PSN) (Decrypted) (20180429-070319).dat,https://raw.githubusercontent.com/open-retrogaming-archive/dat-catalog/main/root/normalized/No-Intro/Unofficial/Unofficial - Sony - PlayStation 3 (PSN) (Decrypted)/Unofficial - Sony - PlayStation 3 (PSN) (Decrypted) (20180429-070319).dat,4014060207,168647
DIRECTORY,Unofficial - Video Game Documents (PDF),,,
FILE,Unofficial - Video Game Documents (PDF) (20221123-054502).dat,https://raw.githubusercontent.com/open-retrogaming-archive/dat-catalog/main/root/normalized/No-Intro/Unofficial/Unofficial - Video Game Documents (PDF)/Unofficial - Video Game Documents (PDF) (20221123-054502).dat,1761869598,1102
DIRECTORY,Unofficial - Video Game Magazine Scans (CBZ),,,
FILE,Unofficial - Video Game Magazine Scans (CBZ) (20220824-051032).dat,https://raw.githubusercontent.com/open-retrogaming-archive/dat-catalog/main/root/normalized/No-Intro/Unofficial/Unofficial - Video Game Magazine Scans (CBZ)/Unofficial - Video Game Magazine Scans (CBZ) (20220824-051032).dat,3056955680,81686
DIRECTORY,Unofficial - Sony - PlayStation Vita (BlackFinPSV),,,
FILE,Unofficial - Sony - PlayStation Vita (BlackFinPSV) (20230323-115733).dat,https://raw.githubusercontent.com/open-retrogaming-archive/dat-catalog/main/root/normalized/No-Intro/Unofficial/Unofficial - Sony - PlayStation Vita (BlackFinPSV)/Unofficial - Sony - PlayStation Vita (BlackFinPSV) (20230323-115733).dat,1756538353,25635
DIRECTORY,Unofficial - Video Game Digital OSTs (RAW),,,
FILE,Unofficial - Video Game Digital OSTs (RAW) (20230105-084656).dat,https://raw.githubusercontent.com/open-retrogaming-archive/dat-catalog/main/root/normalized/No-Intro/Unofficial/Unofficial - Video Game Digital OSTs (RAW)/Unofficial - Video Game Digital OSTs (RAW) (20230105-084656).dat,3345263595,170753
DIRECTORY,Unofficial - Sony - PlayStation 4 (PSN),,,
FILE,Unofficial - Sony - PlayStation 4 (PSN) (20230321-063600).dat,https://raw.githubusercontent.com/open-retrogaming-archive/dat-catalog/main/root/normalized/No-Intro/Unofficial/Unofficial - Sony - PlayStation 4 (PSN)/Unofficial - Sony - PlayStation 4 (PSN) (20230321-063600).dat,24397236,2703501
DIRECTORY,Unofficial - Sony - PlayStation Vita (VPK),,,
FILE,Unofficial - Sony - PlayStation Vita (VPK) (20230323-115733).dat,https://raw.githubusercontent.com/open-retrogaming-archive/dat-catalog/main/root/normalized/No-Intro/Unofficial/Unofficial - Sony - PlayStation Vita (VPK)/Unofficial - Sony - PlayStation Vita (VPK) (20230323-115733).dat,470863370,93015
DIRECTORY,Unofficial - Video Game Scans (RAW),,,
FILE,Unofficial - Video Game Scans (RAW) (20230307-112352).dat,https://raw.githubusercontent.com/open-retrogaming-archive/dat-catalog/main/root/normalized/No-Intro/Unofficial/Unofficial - Video Game Scans (RAW)/Unofficial - Video Game Scans (RAW) (20230307-112352).dat,4086642439,35316
DIRECTORY,Redump Custom,,,
DIRECTORY,Audio CD - Spillover Tracks - Datfile,,,
FILE,Audio CD - Spillover Tracks - Datfile (28) (2023-02-24 09-33-00).dat,https://raw.githubusercontent.com/open-retrogaming-archive/dat-catalog/main/root/normalized/No-Intro/Redump Custom/Audio CD - Spillover Tracks - Datfile/Audio CD - Spillover Tracks - Datfile (28) (2023-02-24 09-33-00).dat,1856152456,12921
DIRECTORY,Nintendo - Wii - NKit WBFS [lossless],,,
FILE,Nintendo - Wii - NKit WBFS [lossless] (3770) (2023-01-12).dat,https://raw.githubusercontent.com/open-retrogaming-archive/dat-catalog/main/root/normalized/No-Intro/Redump Custom/Nintendo - Wii - NKit WBFS [lossless]/Nintendo - Wii - NKit WBFS [lossless] (3770) (2023-01-12).dat,1758030927,1355227
DIRECTORY,Nintendo - Wii - NKit RVZ [zstd-19-128k],,,
FILE,Nintendo - Wii - NKit RVZ [zstd-19-128k] (3770) (2023-01-07).dat,https://raw.githubusercontent.com/open-retrogaming-archive/dat-catalog/main/root/normalized/No-Intro/Redump Custom/Nintendo - Wii - NKit RVZ [zstd-19-128k]/Nintendo - Wii - NKit RVZ [zstd-19-128k] (3770) (2023-01-07).dat,1395071962,1328408
DIRECTORY,Nintendo - Wii U - WUX,,,
FILE,Nintendo - Wii U - WUX (511) (2022-09-06).dat,https://raw.githubusercontent.com/open-retrogaming-archive/dat-catalog/main/root/normalized/No-Intro/Redump Custom/Nintendo - Wii U - WUX/Nintendo - Wii U - WUX (511) (2022-09-06).dat,2490951653,186554
DIRECTORY,Nintendo - GameCube - NKit RVZ [zstd-19-128k],,,
FILE,Nintendo - GameCube - NKit RVZ [zstd-19-128k] (1967) (2023-01-09).dat,https://raw.githubusercontent.com/open-retrogaming-archive/dat-catalog/main/root/normalized/No-Intro/Redump Custom/Nintendo - GameCube - NKit RVZ [zstd-19-128k]/Nintendo - GameCube - NKit RVZ [zstd-19-128k] (1967) (2023-01-09).dat,1602504837,677938
